CRIM,ZN,INDUS,CHAS,NOX,RM,AGE,DIS,RAD,TAX,PTRATIO,LSTAT,MEDV
-0.5214511947407273,0.4520885162467136,-1.416353569545745,-0.2841832067731597,-0.2192313629794112,0.452582354389742,-0.2190202349146672,0.2419111179079595,-1.0263105539800235,-0.6999549861885938,-1.5015995292888262,-1.1299045834933403,0.2114996764153243
-0.5183203672594513,-0.46157094039994506,-0.6874034913828009,-0.2841832067731597,-0.8149615435081407,0.23148030688129387,0.2972642282303097,0.6880916942992757,-0.9133791629132979,-1.0212728123689974,-0.34804414023902436,-0.5394408129010235,-0.06111322094720354
-0.5183233504204626,-0.46157094039994506,-0.6874034913828009,-0.2841832067731597,-0.8149615435081407,1.328376178936192,-0.37352872388506175,0.6880916942992757,-0.9133791629132979,-1.0212728123689974,-0.34804414023902436,-1.264746069566105,1.426898843823262
-0.5175656275236126,-0.46157094039994506,-1.4362618699997751,-0.2841832067731597,-0.9099330215634448,1.0598951212473628,-0.9501091827258024,1.2451688225698605,-0.8004477718465722,-1.1402794146580357,0.06723579981890364,-1.4194589325338036,1.2792335244185589
-0.5120945102290341,-0.46157094039994506,-1.4362618699997751,-0.2841832067731597,-0.9099330215634448,1.2738185308496928,-0.6335552053230427,1.2451688225698605,-0.8004477718465722,-1.1402794146580357,0.06723579981890364,-1.0802261412560061,1.5972819046748419
-0.5179415058110263,-0.46157094039994506,-1.4362618699997751,-0.2841832067731597,-0.9099330215634448,0.2444018551123063,-0.46397271742870727,1.2451688225698605,-0.8004477718465722,-1.1402794146580357,0.06723579981890364,-1.0972587500230921,0.7453666004169416
-0.5092247093362399,0.17291479338245677,-0.5648908732041549,-0.2841832067731597,-0.3401041532316172,-0.3557322738391963,-0.16626123868087428,0.9899541433137631,-0.5745849897131208,-0.6107000344718149,-1.5477417448508188,-0.07246345587008078,0.08655209845749881
-0.5008330774116764,0.17291479338245677,-0.5648908732041549,-0.2841832067731597,-0.3401041532316172,-0.1260158608434057,0.9454461819597691,1.1883470572262167,-0.5745849897131208,-0.6107000344718149,-1.5477417448508188,0.8813626350867385,0.5636246688419232
-0.49088572701976146,0.17291479338245677,-0.5648908732041549,-0.2841832067731597,-0.3401041532316172,-0.9027444822854211,1.0924176714681932,1.2552919481771883,-0.5745849897131208,-0.6107000344718149,-1.5477417448508188,2.4114586559966367,-0.6404156278425757
-0.4970310387028758,0.17291479338245677,-0.5648908732041549,-0.2841832067731597,-0.3401041532316172,-0.3672180944889858,0.5610592093992759,1.5147288356011666,-0.5745849897131208,-0.6107000344718149,-1.5477417448508188,0.590388901982352,-0.36780273048004786
-0.48884971962960344,0.17291479338245677,-0.5648908732041549,-0.2841832067731597,-0.3401041532316172,0.1683082933074508,0.877613186802035,1.3898939097700995,-0.5745849897131208,-0.6107000344718149,-1.5477417448508188,1.0658825633968376,-0.8107986886941557
-0.504872277420869,0.17291479338245677,-0.5648908732041549,-0.2841832067731597,-0.3401041532316172,-0.36003945658286624,0.4480042174697189,1.3288499362585753,-0.5745849897131208,-0.6107000344718149,-1.5477417448508188,0.04676480549952164,-0.36780273048004786
-0.5084058316386598,0.17291479338245677,-0.5648908732041549,-0.2841832067731597,-0.3401041532316172,-0.5323267663297092,-1.206367164432798,0.9342006475065708,-0.5745849897131208,-0.6107000344718149,-1.5477417448508188,0.39309451709693843,-0.04975435022376511
-0.42846009969896,-0.46157094039994506,-0.5235428645688618,-0.2841832067731597,-0.2192313629794112,-0.44618311145628836,-0.3471492257681653,0.5560332316026779,-0.6875163807798464,-0.6345013549296226,1.1285067577447216,-0.6643466105263214,-0.19741966962846785
-0.4272370036843596,-0.46157094039994506,-0.5235428645688618,-0.2841832067731597,-0.2192313629794112,-0.2351311570164056,0.5083002131654825,0.43109656581575845,-0.6875163807798464,-0.6345013549296226,1.1285067577447216,-0.3804697977415537,-0.44731482554411844
-0.4288136042787896,-0.46157094039994506,-0.5235428645688618,-0.2841832067731597,-0.2192313629794112,-0.611291783297013,-0.5468797115103825,0.4497658477146995,-0.6875163807798464,-0.6345013549296226,1.1285067577447216,-0.6345395451839208,-0.2542140232456612
-0.3651917293924888,-0.46157094039994506,-0.5235428645688618,-0.2841832067731597,-0.2192313629794112,-0.46628329759342035,-1.5719116383383656,0.4497658477146995,-0.6875163807798464,-0.6345013549296226,1.1285067577447216,-0.9028031332655263,0.10926983990437646
-0.4054241303703149,-0.46157094039994506,-0.5235428645688618,-0.2841832067731597,-0.2192313629794112,-0.38731828062611656,0.40278222069789604,0.32732181084616735,-0.6875163807798464,-0.6345013549296226,1.1285067577447216,0.2454785744488591,-0.526826920608189
-0.40266321485443024,-0.46157094039994506,-0.5235428645688618,-0.2841832067731597,-0.2192313629794112,-1.1539968089995667,-1.2968111579764436,0.09260773269435649,-0.6875163807798464,-0.6345013549296226,1.1285067577447216,-0.17749787660044486,-0.22013741107534512
-0.41413496052307885,-0.46157094039994506,-0.5235428645688618,-0.2841832067731597,-0.2192313629794112,-0.7649146344879468,-0.056974746482302344,0.09260773269435649,-0.6875163807798464,-0.6345013549296226,1.1285067577447216,-0.23569262322132226,-0.44731482554411844
-0.33567931750848373,-0.46157094039994506,-0.5235428645688618,-0.2841832067731597,-0.2192313629794112,-0.9903238647400662,1.0208161765794737,0.0933199123853242,-0.6875163807798464,-0.6345013549296226,1.1285067577447216,1.1467874550404964,-0.9698228788222971
-0.3953052482202547,-0.46157094039994506,-0.5235428645688618,-0.2841832067731597,-0.2192313629794112,-0.4232114701567093,0.6854197005217885,0.20238514505924748,-0.6875163807798464,-0.6345013549296226,1.1285067577447216,0.12625031307925666,-0.2882906354159769
-0.33856105104532286,-0.46157094039994506,-0.5235428645688618,-0.2841832067731597,-0.2192313629794112,-0.16908768828011547,0.7796321937964192,0.184377172873348,-0.6875163807798464,-0.6345013549296226,1.1285067577447216,0.8203291203380135,-0.7880809472472785
-0.37496158170423605,-0.46157094039994506,-0.5235428645688618,-0.2841832067731597,-0.2192313629794112,-0.6414420625027103,1.0924176714681932,0.24455635676012571,-0.6875163807798464,-0.6345013549296226,1.1285067577447216,0.9849776717531789,-0.867593042311349
-0.41048655460635614,-0.46157094039994506,-0.5235428645688618,-0.2841832067731597,-0.2192313629794112,-0.4820763009868798,0.8700761873400644,0.3994045695676923,-0.6875163807798464,-0.6345013549296226,1.1285067577447216,0.4768381768684449,-0.7426454643535237
-0.3970205658017065,-0.46157094039994506,-0.5235428645688618,-0.2841832067731597,-0.2192313629794112,-0.9486877648845793,0.5535222099373053,0.42738305742714083,-0.6875163807798464,-0.6345013549296226,1.1285067577447216,0.5066452422108456,-0.935746266651981
-0.42217308786781266,-0.46157094039994506,-0.5235428645688618,-0.2841832067731597,-0.2192313629794112,-0.6414420625027103,0.7268731975626258,0.5430613872314795,-0.6875163807798464,-0.6345013549296226,1.1285067577447216,0.2653499513437929,-0.6290567571191369
-0.3798330836355593,-0.46157094039994506,-0.5235428645688618,-0.2841832067731597,-0.2192313629794112,-0.3054818084963669,0.6703457015978472,0.4267726176920256,-0.6875163807798464,-0.6345013549296226,1.1285067577447216,0.6159378151329811,-0.8335164301410329
-0.40709619211710396,-0.46157094039994506,-0.5235428645688618,-0.2841832067731597,-0.2192313629794112,0.3377241478918467,0.8813816865330206,0.42743392740506697,-0.6875163807798464,-0.6345013549296226,1.1285067577447216,-0.01994624550489861,-0.42459708409724123
-0.37287038583537047,-0.46157094039994506,-0.5235428645688618,-0.2841832067731597,-0.2192313629794112,0.5947193849308876,0.6138182056330688,0.31770738501810214,-0.6875163807798464,-0.6345013549296226,1.1285067577447216,-0.13633573874665342,-0.1292664452878357
-0.35372445846535694,-0.46157094039994506,-0.5235428645688618,-0.2841832067731597,-0.2192313629794112,-0.7850148206250789,0.8700761873400644,0.31465518634252576,-0.6875163807798464,-0.6345013549296226,1.1285067577447216,1.3710501371404633,-1.072052715333245
-0.32032647936423714,-0.46157094039994506,-0.5235428645688618,-0.2841832067731597,-0.2192313629794112,-0.2695886189657742,1.0924176714681932,0.2851505991452892,-0.6875163807798464,-0.6345013549296226,1.1285067577447216,0.014118972029273293,-0.867593042311349
-0.31536399102207174,-0.46157094039994506,-0.5235428645688618,-0.2841832067731597,-0.2192313629794112,-0.4447473838750642,0.41408771989085164,0.19104113998168945,-0.6875163807798464,-0.6345013549296226,1.1285067577447216,2.0963553938055446,-1.0152583617160518
-0.35060556362812584,-0.46157094039994506,-0.5235428645688618,-0.2841832067731597,-0.2192313629794112,-0.8022435515997638,0.9039926849189318,0.08787682474721331,-0.6875163807798464,-0.6345013549296226,1.1285067577447216,0.7678119099728319,-1.0266172324394904
-0.2818287865144358,-0.46157094039994506,-0.5235428645688618,-0.2841832067731597,-0.2192313629794112,-0.2351311570164056,0.9755941798076514,0.07393845079541522,-0.6875163807798464,-0.6345013549296226,1.1285067577447216,1.0502693386936754,-0.9811817495457357
-0.5128224015157719,-0.46157094039994506,-0.8573897491056724,-0.2841832067731597,-0.5559484215391278,-0.46915475275586743,-0.10596524298511024,-0.12928711102003412,-0.5745849897131208,-0.8011105981342763,0.297946877628864,-0.46279407344913637,-0.36780273048004786
-0.5078599131736065,-0.46157094039994506,-0.8573897491056724,-0.2841832067731597,-0.5559484215391278,-0.6012416902284463,-0.36222322469210616,-0.12033399490501066,-0.5745849897131208,-0.8011105981342763,0.297946877628864,-0.21724063039031224,-0.24285515252222237
-0.5104403474483122,-0.46157094039994506,-0.8573897491056724,-0.2841832067731597,-0.5559484215391278,-0.588320141997434,-1.1121546711581674,0.16265569229883065,-0.5745849897131208,-0.8011105981342763,0.297946877628864,-0.5919580232662057,-0.1292664452878357
-0.49628375686956505,-0.46157094039994506,-0.8573897491056724,-0.2841832067731597,-0.5559484215391278,-0.4217757425754851,-1.5379951407594983,0.11844968148090185,-0.5745849897131208,-0.8011105981342763,0.297946877628864,-0.3989217905725635,0.2910117714793949
-0.5182726366832718,3.3453434622944656,-1.3183434750028282,-0.2841832067731597,-1.1689461435324575,0.48129690601421515,-1.854549118162258,0.9088673984992881,-0.8004477718465722,-0.9617695112244782,-0.117333062429064,-1.2235839317123138,0.9839028856091537
-0.5173836547019282,3.3453434622944656,-1.3183434750028282,-0.2841832067731597,-1.1689461435324575,1.0972240383591785,-2.080659102021372,0.9088673984992881,-0.8004477718465722,-0.9617695112244782,-0.117333062429064,-1.555719802670492,1.4496165852701388
-0.5040936723969405,-0.46157094039994506,-0.7119060150185301,-0.2841832067731597,-0.9962707288864491,-0.27389580170944544,-1.1686821671229457,1.0715495879075005,-0.8004477718465722,-1.0748257833990646,-0.30190192467703325,-0.4812460662801461,-0.10654870384095845
-0.4968252005931016,-0.46157094039994506,-0.7119060150185301,-0.2841832067731597,-0.9962707288864491,-0.8295223756430128,-1.4023291504440303,0.7559013748749935,-0.8004477718465722,-1.0748257833990646,-0.30190192467703325,-0.38756671806117277,-0.322367247586293
-0.4942984632165978,-0.46157094039994506,-0.7119060150185301,-0.2841832067731597,-0.9962707288864491,-0.6802067071957502,-1.4211716490989563,0.7559013748749935,-0.8004477718465722,-1.0748257833990646,-0.30190192467703325,0.17167060312481955,-0.24285515252222237
-0.4896134088484759,-0.46157094039994506,-0.7119060150185301,-0.2841832067731597,-0.9962707288864491,-0.944380582140908,-0.33961222630619475,1.2581406669410595,-0.8004477718465722,-1.0748257833990646,-0.30190192467703325,0.4626443362292063,-0.31100837686285454
-0.509159079793993,0.60436509235449,-0.9063947963771308,-0.2841832067731597,-1.073974665477153,-0.42608292531915637,-0.9538776824567874,1.6279654064650442,-0.6875163807798464,-1.0153224822545455,-0.8094662958589451,0.0723137186501507,-0.27693176469253844
-0.5159248889674413,0.60436509235449,-0.9063947963771308,-0.2841832067731597,-1.073974665477153,-0.2078523329731553,-0.3019272289963424,1.6279654064650442,-0.6875163807798464,-1.0153224822545455,-0.8094662958589451,-0.49827867504723233,-0.18606079890502905
-0.514399002110202,0.60436509235449,-0.9063947963771308,-0.2841832067731597,-1.073974665477153,0.36069578919142575,-1.8809286162791545,1.6279654064650442,-0.6875163807798464,-1.0153224822545455,-0.8094662958589451,-1.0873230615756253,0.325088383649711
-0.5149643111218283,0.60436509235449,-0.9063947963771308,-0.2841832067731597,-1.073974665477153,-0.375832459976327,-1.869623117086199,1.6279654064650442,-0.6875163807798464,-1.0153224822545455,-0.8094662958589451,-0.6402170814396162,0.14334645207469215
-0.5204384115774179,4.106726342833348,-1.5832770118141501,-0.2841832067731597,-1.3847904118399676,1.4202627441345081,-1.8507806184312727,2.585287521059523,-0.5745849897131208,-1.1164780942002281,-0.30190192467703325,-1.154034112580046,1.5064109388873321
-0.5193286756812439,3.852932049320387,-1.6567845827213379,-0.2841832067731597,-1.3243540167138652,0.1769226587947933,-1.3307276555553105,2.8350591126775098,-0.9133791629132979,-0.5987993742429111,-0.5787552180489848,-1.0177732424433572,0.2910117714793949
-0.4993564127111222,0.8074005271648586,-0.9844965904660177,-0.2841832067731597,-0.9531018752249469,-0.16478050553644552,-1.5756801380693506,2.1367160557056724,-0.23579081651294373,-0.7713589475620167,0.5286579554388243,-0.8630603794756587,0.1319875813512537
-0.5069888301583301,0.8074005271648586,-0.9844965904660177,-0.2841832067731597,-0.9531018752249469,-0.4777691182432099,-0.8973501864920089,1.6876358905725592,-0.23579081651294373,-0.7713589475620167,0.5286579554388243,-0.5280857403896329,-0.2882906354159769
-0.5001215935105003,0.8074005271648586,-0.9844965904660177,-0.2841832067731597,-0.9531018752249469,-0.7448144483508161,-0.18133523760481488,1.8368884058082355,-0.23579081651294373,-0.7713589475620167,0.5286579554388243,0.029732196732435687,-0.39052047192692513
-0.5059462153849085,0.8074005271648586,-0.9844965904660177,-0.2841832067731597,-0.9531018752249469,0.28173077222412324,-0.1210392419090514,1.8369392757861622,-0.23579081651294373,-0.7713589475620167,0.5286579554388243,-0.8815123723066687,0.007040003393428219
-0.5035253802243029,0.8074005271648586,-0.9844965904660177,-0.2841832067731597,-0.9531018752249469,0.7210634120785712,-1.040553176269448,2.221211089041207,-0.23579081651294373,-0.7713589475620167,0.5286579554388243,-0.48834298659976544,0.325088383649711
-0.5194838000538273,0.4267090868954175,-1.5587744881784213,-0.2841832067731597,-1.2716880152468322,1.2120822448570738,-0.4338247195808255,2.853016214885483,-0.8004477718465722,-1.1759813953447473,0.021093584256912556,-0.6941536758687219,1.2337980415248042
-0.5170480490881658,3.5991377558074262,-1.254024350459039,-0.2841832067731597,-1.42795926550147,0.04339999374099017,-2.0052891074016674,1.524597611318863,-0.6875163807798464,-0.45599145149606496,-1.1324618047928894,-1.1739054894749794,0.15470532279813096
-0.5158622425862056,3.5991377558074262,-1.254024350459039,-0.2841832067731597,-1.42795926550147,-0.678770979614526,-1.5040786431806312,1.524597611318863,-0.6875163807798464,-0.45599145149606496,-1.1324618047928894,-0.3833085658694013,-0.31100837686285454
-0.5137591140732951,0.17291479338245677,-0.8405442641061085,-0.2841832067731597,-1.3329877874461658,-0.5481197697231699,-1.869623117086199,1.4668601863725463,-0.6875163807798464,-0.4083888105804496,0.15952023094288748,-0.6870567555491028,-0.015677738053449033
-0.5021769914472313,0.17291479338245677,-0.8405442641061085,-0.2841832067731597,-1.3329877874461658,-0.9558664027906976,-1.2892741585144734,1.4668601863725463,-0.6875163807798464,-0.4083888105804496,0.15952023094288748,0.021215892348892585,-0.5381857913316279
-0.5032777778603716,0.17291479338245677,-0.8405442641061085,-0.2841832067731597,-1.3329877874461658,-0.5380696766546046,-1.4324771482919119,1.4668601863725463,-0.6875163807798464,-0.4083888105804496,0.15952023094288748,-0.5891192551383581,-0.14062531601127454
-0.5092291840777566,-0.46157094039994506,-0.11465700139763052,-0.2841832067731597,-1.298452704516964,0.22573739655639846,-2.4273610772720136,0.8509773636191929,-0.6875163807798464,-0.6464020151585265,0.297946877628864,-0.8829317563705925,0.23421741786220154
-0.4987135415132042,-0.46157094039994506,-0.11465700139763052,-0.2841832067731597,-1.298452704516964,-0.42895438048160345,-2.016594606594623,0.8509773636191929,-0.6875163807798464,-0.6464020151585265,0.297946877628864,-0.43440639217065946,-0.04975435022376511
-0.5087250298668604,-0.46157094039994506,-0.11465700139763052,-0.2841832067731597,-1.298452704516964,-0.27963871203433954,-2.3821390805001905,0.8509773636191929,-0.6875163807798464,-0.6464020151585265,0.297946877628864,-1.0532578440414533,0.07519322773406038
-0.4932498821211537,-0.46157094039994506,-0.11465700139763052,-0.2841832067731597,-1.298452704516964,-0.021207747414075773,-2.442435076195954,0.8509773636191929,-0.6875163807798464,-0.6464020151585265,0.297946877628864,-0.7665422631288378,0.14334645207469215
-0.508205959850908,-0.46157094039994506,0.19468735950345073,-0.2841832067731597,-1.0912422069417538,0.03765708341609477,-0.9802571805736842,0.45180064683175053,-0.5745849897131208,-0.09302131451449781,0.06723579981890364,-0.5678284941795004,-0.0838309623940812
-0.5072498567468119,-0.46157094039994506,0.19468735950345073,-0.2841832067731597,-1.0912422069417538,0.02760699034752941,0.13145024006695924,0.22268226625182944,-0.5745849897131208,-0.09302131451449781,0.06723579981890364,-0.13775512281057722,-0.24285515252222237
-0.5094066821579243,-0.46157094039994506,0.19468735950345073,-0.2841832067731597,-1.0912422069417538,-0.17195914344256383,-0.9501091827258024,0.2421654677975907,-0.5745849897131208,-0.09302131451449781,0.06723579981890364,-0.3790504136776299,-0.15198418673471295
-0.5139724100855974,-0.46157094039994506,0.19468735950345073,-0.2841832067731597,-1.0912422069417538,-0.039872205969983594,-0.6523977039779688,0.7120005839246226,-0.5745849897131208,-0.09302131451449781,0.06723579981890364,-0.0852379124453953,-0.10654870384095845
-0.5098839879197196,-0.46157094039994506,0.19468735950345073,-0.2841832067731597,-1.0912422069417538,-0.5538626800480654,-1.2968111579764436,0.45180064683175053,-0.5745849897131208,-0.09302131451449781,0.06723579981890364,-0.545118349156719,-0.2087785403519063
-0.5162590030006979,0.8074005271648586,-1.0258445991013108,-0.2841832067731597,-1.1862136849970584,0.6708129467357431,-1.4136346496369858,0.908663918587583,-0.6875163807798464,-0.7892099379053725,0.2056624465048802,-1.0859036775117015,0.6658545053528709
-0.51573844140424,0.8074005271648586,-1.0258445991013108,-0.2841832067731597,-1.1862136849970584,0.5157543679635838,-0.023058248903435045,0.908663918587583,-0.6875163807798464,-0.7892099379053725,0.2056624465048802,-0.8119625531744006,0.20014080569188547
-0.516936180550245,0.8074005271648586,-1.0258445991013108,-0.2841832067731597,-1.1862136849970584,0.06062872471567383,-1.4626251461397937,0.908663918587583,-0.6875163807798464,-0.7892099379053725,0.2056624465048802,-0.8829317563705925,0.3023706422028337
-0.5170972712448509,0.8074005271648586,-1.0258445991013108,-0.2841832067731597,-1.1862136849970584,-0.133194498749524,-0.9161926851469351,0.908663918587583,-0.6875163807798464,-0.7892099379053725,0.2056624465048802,-0.7708004153206093,0.08655209845749881
-0.5148479678423906,-0.46157094039994506,-1.0825066850089344,-0.2841832067731597,-0.9876369581541486,0.18553702428213575,-0.8672021886441271,0.5926087457316663,-0.8004477718465722,-0.9915211617967378,-0.025048631305080175,-0.4713103778326795,0.20014080569188547
-0.5138396594205981,-0.46157094039994506,-1.0825066850089344,-0.2841832067731597,-0.9876369581541486,0.5315473713570446,-0.5619537104343234,0.4187860311576013,-0.8004477718465722,-0.9915211617967378,-0.025048631305080175,-0.9099000535851455,0.5068303152247298
-0.5146555539571669,-0.46157094039994506,-1.0825066850089344,-0.2841832067731597,-0.9876369581541486,-0.35142509109552506,-0.9764886808426988,0.41344468347534274,-0.8004477718465722,-0.9915211617967378,-0.025048631305080175,-0.01142994112135576,0.0411166155637443
-0.5117275814246539,-0.46157094039994506,-1.0825066850089344,-0.2841832067731597,-0.9876369581541486,-0.19923796748581282,-0.5355742123174269,0.06773231348841027,-0.8004477718465722,-0.9915211617967378,-0.025048631305080175,-0.6387976973756924,0.007040003393428219
-0.5139515279585188,-0.46157094039994506,-1.2478987195501068,-0.2841832067731597,-0.6422861288621321,1.0728166694783754,0.5761332083232165,-0.09805294457330427,-0.9133791629132979,-0.8546635691643436,-0.34804414023902436,-1.0560966121693007,0.1660641935215698
-0.5144855137795273,-0.46157094039994506,-1.2478987195501068,-0.2841832067731597,-0.6422861288621321,1.176189055326481,-0.29815872926535714,-0.10171558298399577,-0.9133791629132979,-0.8546635691643436,-0.34804414023902436,-1.027708930890824,0.7453666004169416
-0.5154073105319945,-0.46157094039994506,-1.2478987195501068,-0.2841832067731597,-0.6422861288621321,0.22573739655639846,-0.18510373733580043,-0.26561865186243844,-0.9133791629132979,-0.8546635691643436,-0.34804414023902436,-0.5862804870105102,0.052475486287183126
-0.5165289790722134,-0.46157094039994506,-1.2478987195501068,-0.2841832067731597,-0.6422861288621321,0.20850866558171482,0.10883924168104807,-0.26572039181829094,-0.9133791629132979,-0.8546635691643436,-0.34804414023902436,-0.6728629149098645,-0.015677738053449033
-0.516124760755193,0.9596771032726351,0.5331284672219604,-0.2841832067731597,-0.8581303971696422,0.26163058608699125,-0.6561662037089542,0.026171541522647678,-0.6875163807798464,-0.8546635691643436,-0.1634752779910567,-0.6785404511655597,0.08655209845749881
-0.5181055796666435,0.9596771032726351,0.5331284672219604,-0.2841832067731597,-0.8581303971696422,-0.07002248517568095,-1.5869856372623066,0.026171541522647678,-0.6875163807798464,-0.8546635691643436,-0.1634752779910567,-0.9553203436307083,0.325088383649711
-0.5159890269291825,0.9596771032726351,0.5331284672219604,-0.2841832067731597,-0.8581303971696422,-0.015464837089181643,0.23696823253454563,0.0002787227581761697,-0.6875163807798464,-0.8546635691643436,-0.1634752779910567,-0.33363012363206707,-0.17470192818159022
-0.5041906251298052,-0.46157094039994506,-1.3275319213662267,-0.2841832067731597,-1.0221720410833504,0.5243687334509263,-0.49788921500757455,-0.06066351079749561,-0.9133791629132979,-0.8189615884776321,-0.25575970911504053,-0.8928674448180594,0.7112899882466255
-0.5052347314837323,-0.46157094039994506,-1.3275319213662267,-0.2841832067731597,-1.0221720410833504,-0.13893740907441812,-0.053206246751317327,-0.06066351079749561,-0.9133791629132979,-0.8189615884776321,-0.25575970911504053,-0.22717631883777914,-0.0838309623940812
-0.5043711063709839,-0.46157094039994506,-1.3275319213662267,-0.2841832067731597,-1.0221720410833504,2.5975593607379355,0.18797773603173773,-0.06066351079749561,-0.9133791629132979,-0.8189615884776321,-0.25575970911504053,-1.2391971564154758,1.8812536727608087
-0.5101823040208416,-0.46157094039994506,-1.3275319213662267,-0.2841832067731597,-1.0221720410833504,2.240063193013236,-1.2855056587834879,-0.06066351079749561,-0.9133791629132979,-0.8189615884776321,-0.25575970911504053,-1.3300377365066016,2.46055607965618
-0.5121616313517865,-0.46157094039994506,-1.3275319213662267,-0.2841832067731597,-1.0221720410833504,1.6600292501988654,-0.32076972765126854,-0.06066351079749561,-0.9133791629132979,-0.8189615884776321,-0.25575970911504053,-0.958159111758556,1.256515782971682
-0.5002200378238706,-0.46157094039994506,-0.4592237400250726,-0.2841832067731597,-0.37463923616081884,0.6708129467357431,0.334949225540162,-0.42560473244055813,-0.5745849897131208,-0.1763259361168247,1.0823645421827288,-0.4996980591111561,0.6090601517356776
-0.5053421252801362,-0.46157094039994506,-0.4592237400250726,-0.2841832067731597,-0.37463923616081884,0.7483422361218214,0.01085824867543172,-0.3857735397242885,-0.5745849897131208,-0.1763259361168247,1.0823645421827288,-0.7480902702978279,0.495471444501291
-0.48827247797393225,-0.46157094039994506,-0.4592237400250726,-0.2841832067731597,-0.37463923616081884,0.20850866558171482,0.5422167107443497,-0.4577036885120346,-0.5745849897131208,-0.1763259361168247,1.0823645421827288,-0.32795258737637156,-0.40187934265036357
-0.4908305385410539,-0.46157094039994506,-0.4592237400250726,-0.2841832067731597,-0.37463923616081884,-0.17626632618623506,0.6175867053640544,-0.4577036885120346,-0.5745849897131208,-0.1763259361168247,1.0823645421827288,0.07089433458622689,-0.322367247586293
-0.5015714097619535,-0.46157094039994506,-0.4592237400250726,-0.2841832067731597,-0.37463923616081884,-0.133194498749524,0.7155676983696702,-0.6071088136814904,-0.5745849897131208,-0.1763259361168247,1.0823645421827288,-0.08665729650931911,-0.23149628179878354
-0.5026125329548694,-0.46157094039994506,-0.4592237400250726,-0.2841832067731597,-0.37463923616081884,-0.5868844144162098,0.9680571803456808,-0.766891414347905,-0.5745849897131208,-0.1763259361168247,1.0823645421827288,0.5009677059551498,-0.2996495061394157
-0.496858015364225,-0.46157094039994506,-0.4592237400250726,-0.2841832067731597,-0.37463923616081884,-0.6084203281345647,0.7871691932583897,-0.7139357673266578,-0.5745849897131208,-0.1763259361168247,1.0823645421827288,0.8118128159544706,-0.2996495061394157
-0.502828812128183,-0.46157094039994506,-0.4592237400250726,-0.2841832067731597,-0.37463923616081884,-0.19062360199847164,0.5346797112823791,-0.7590065677693332,-0.5745849897131208,-0.1763259361168247,1.0823645421827288,0.16315429874127643,-0.19741966962846785
-0.5032986599874503,-0.46157094039994506,-0.4592237400250726,-0.2841832067731597,-0.37463923616081884,0.30757386868614933,0.9831311792696215,-0.6010552863082641,-0.5745849897131208,-0.1763259361168247,1.0823645421827288,-0.09517360089286221,-0.2655728939690996
-0.4830713367508692,-0.46157094039994506,-0.4592237400250726,-0.2841832067731597,-0.37463923616081884,-0.04417938871365483,0.7607896951414931,-0.5439791710749888,-0.5745849897131208,-0.1763259361168247,1.0823645421827288,0.370384372074157,-0.31100837686285454
-0.5062952452232212,-0.46157094039994506,-0.4592237400250726,-0.2841832067731597,-0.37463923616081884,-0.09299412647526001,-0.6260182058610724,-0.42560473244055813,-0.5745849897131208,-0.1763259361168247,1.0823645421827288,0.00844143577357806,-0.04975435022376511
-0.507352775801699,-0.46157094039994506,-0.2371696195762767,-0.2841832067731597,-0.14152742638870736,0.6535842157610581,0.3990137209669105,-0.47662732030060706,-0.4616535986463951,0.10928990937686749,-0.34804414023902436,-0.39466363838079205,0.07519322773406038
-0.5040041775666039,-0.46157094039994506,-0.2371696195762767,-0.2841832067731597,-0.14152742638870736,-0.4978693043803406,0.824854190568242,-0.6414969187596489,-0.4616535986463951,0.10928990937686749,-0.34804414023902436,0.46406372029313037,-0.3791616012034863
-0.4892628874296575,-0.46157094039994506,-0.2371696195762767,-0.2841832067731597,-0.14152742638870736,-0.24087406734130098,0.9190666838428729,-0.5425039417151271,-0.4616535986463951,0.10928990937686749,-0.34804414023902436,0.588969517918428,-0.39052047192692513
-0.501167191444933,-0.46157094039994506,-0.2371696195762767,-0.2841832067731597,-0.14152742638870736,-0.008286199183063349,0.4969947139725268,-0.6907899273702047,-0.4616535986463951,0.10928990937686749,-0.34804414023902436,-0.35350150052700086,-0.4132382133738024
-0.4968371332371465,-0.46157094039994506,-0.2371696195762767,-0.2841832067731597,-0.14152742638870736,-0.4763333906619857,0.6477347032119362,-0.5856925529745306,-0.4616535986463951,0.10928990937686749,-0.34804414023902436,0.40019143741655744,-0.4359559548206796
-0.502767657327453,-0.46157094039994506,-0.2371696195762767,-0.2841832067731597,-0.14152742638870736,-0.12027295051851031,0.05608024544725461,-0.4498697119113889,-0.4616535986463951,0.10928990937686749,-0.34804414023902436,-0.12781943436311055,-0.10654870384095845
-0.499873991146569,-0.46157094039994506,-0.2371696195762767,-0.2841832067731597,-0.14152742638870736,-0.3428107256081826,0.4366987182767628,-0.44106920573014435,-0.4616535986463951,0.10928990937686749,-0.34804414023902436,-0.37479226148585826,-0.3337261183097318
-0.5029168153780139,-0.46157094039994506,-0.2371696195762767,-0.2841832067731597,-0.14152742638870736,-0.5567341352105124,0.07869124383316578,-0.5783672761531475,-0.4616535986463951,0.10928990937686749,-0.34804414023902436,0.3448354589235277,-0.19741966962846785
-0.5008017542210585,-0.46157094039994506,-0.2371696195762767,-0.2841832067731597,-0.14152742638870736,-0.7591717241630527,-0.2190202349146672,-0.4350665483348445,-0.4616535986463951,0.10928990937686749,-0.34804414023902436,0.09502386367293213,-0.322367247586293
-0.5117066992975754,-0.46157094039994506,2.1579520658162537,-0.2841832067731597,0.15202077850950615,-0.3672180944889858,0.4932262142415413,-0.7208540843246304,-0.9133791629132979,-1.342590638549401,0.2518046620668729,0.1887032118919055,-0.2087785403519063
-0.508523666498603,-0.46157094039994506,2.1579520658162537,-0.2841832067731597,0.15202077850950615,-0.42895438048160345,0.824854190568242,-0.7770654099331591,-0.9133791629132979,-1.342590638549401,0.2518046620668729,0.7081977792880304,-0.18606079890502905
-0.4999634859769056,-0.46157094039994506,2.1579520658162537,-0.2841832067731597,0.15202077850950615,-0.5797057765100915,0.9793626795386364,-0.8495551284780941,-0.9133791629132979,-1.342590638549401,0.2518046620668729,1.7698970591030616,-0.5495446620550662
-0.5077032972205173,-0.46157094039994506,2.1579520658162537,-0.2841832067731597,0.15202077850950615,-0.5466840421419471,0.9341406827668135,-0.8180666121417328,-0.9133791629132979,-1.342590638549401,0.2518046620668729,0.6585193370506959,-0.3791616012034863
-0.49718317991444805,-0.46157094039994506,2.1579520658162537,-0.2841832067731597,0.15202077850950615,-0.39306119095101194,0.6552717026739067,-0.8248831891838531,-0.9133791629132979,-1.342590638549401,0.2518046620668729,0.2653499513437929,-0.0838309623940812
-0.4646175027354588,-0.46157094039994506,2.1579520658162537,-0.2841832067731597,0.15202077850950615,-0.9285875787474474,0.9266036833048429,-0.9447837271560718,-0.9133791629132979,-1.342590638549401,0.2518046620668729,2.032483110928972,-0.7312865936300851
-0.4837395648173826,-0.46157094039994506,1.5821427603766176,-0.2841832067731597,0.5232729199984245,-0.8137293722495533,0.9416776822287841,-0.9289631640210019,-0.6875163807798464,0.1390415599491271,1.2207911888687055,0.6031633585576666,-0.6744922400128918
-0.4738533692261977,-0.46157094039994506,1.5821427603766176,-0.2841832067731597,0.5232729199984245,0.24583758269353045,1.0471956746963704,-0.9166526293628445,-0.6875163807798464,0.1390415599491271,1.2207911888687055,0.3476742270513756,-0.4700325669909957
-0.39094834156336705,-0.46157094039994506,1.5821427603766176,-0.2841832067731597,0.5232729199984245,-0.89413011679808,0.8926871857259762,-0.8314962863142682,-0.6875163807798464,0.1390415599491271,1.2207911888687055,0.7663925259089078,-0.8903107837582263
-0.47167118694648985,-0.46157094039994506,1.5821427603766176,-0.2841832067731597,0.5232729199984245,0.28460222738657026,1.0509641744273561,-0.7609904969084577,-0.6875163807798464,0.1390415599491271,1.2207911888687055,-0.04833392678337553,-0.3337261183097318
-0.3444572687840003,-0.46157094039994506,1.5821427603766176,-0.2841832067731597,0.5232729199984245,0.09508618666504241,1.005742177655533,-0.6834137805708956,-0.6875163807798464,0.1390415599491271,1.2207911888687055,-0.09659298495678602,-0.2882906354159769
-0.4343831658867384,-0.46157094039994506,1.5821427603766176,-0.2841832067731597,0.5232729199984245,0.16112965540133253,1.0132791771175036,-0.6547231130204793,-0.6875163807798464,0.1390415599491271,1.2207911888687055,-0.2584027682441037,0.09791096918093764
-0.4731985653842347,-0.46157094039994506,1.5821427603766176,-0.2841832067731597,0.5232729199984245,-0.6285205142716966,0.9190666838428729,-0.5822333944755441,-0.6875163807798464,0.1390415599491271,1.2207911888687055,0.2965764007501172,-0.42459708409724123
-0.37679025940411426,-0.46157094039994506,1.5821427603766176,-0.2841832067731597,0.5232729199984245,-0.721842807051237,1.0321216757724299,-0.6452612971261928,-0.6875163807798464,0.1390415599491271,1.2207911888687055,0.6201959673247522,-0.7426454643535237
-0.4391964961783428,-0.46157094039994506,1.5821427603766176,-0.2841832067731597,0.5232729199984245,0.10800773489605611,1.0245846763104594,-0.7649583551867067,-0.6875163807798464,0.1390415599491271,1.2207911888687055,0.5705175250874183,-0.4586736962675569
-0.474269520187263,-0.46157094039994506,1.5821427603766176,-0.2841832067731597,0.5232729199984245,-0.4562332045248537,0.8474651889541532,-0.8381093834446832,-0.6875163807798464,0.1390415599491271,1.2207911888687055,0.5620012207038749,-0.5381857913316279
-0.46984101766610603,-0.46157094039994506,1.5821427603766176,-0.2841832067731597,0.5232729199984245,0.2788593170616749,1.0321216757724299,-0.8976781275963457,-0.6875163807798464,0.1390415599491271,1.2207911888687055,0.23412350193746836,-0.5722624035019436
-0.4851341925901282,-0.46157094039994506,1.5821427603766176,-0.2841832067731597,0.5232729199984245,-0.5782700489288674,1.0245846763104594,-0.9898545275987473,-0.6875163807798464,0.1390415599491271,1.2207911888687055,1.1893689769582116,-1.0038994909926129
-0.4411743319287821,-0.46157094039994506,1.5821427603766176,-0.2841832067731597,0.5232729199984245,-0.15616614004910306,1.0132791771175036,-0.989803657620821,-0.6875163807798464,0.1390415599491271,1.2207911888687055,0.7834251346759941,-0.492750308437873
-0.47900379671206994,-0.46157094039994506,1.5821427603766176,-0.2841832067731597,0.5232729199984245,-0.12314440568095736,0.8512336886851383,-1.0186978050829423,-0.6875163807798464,0.1390415599491271,1.2207911888687055,1.592474051112582,-0.9243873959285424
-0.27946910615456033,-0.46157094039994506,1.5821427603766176,-0.2841832067731597,0.5232729199984245,-1.7814097619943194,1.0924176714681932,-1.1064485170057587,-0.6875163807798464,0.1390415599491271,1.2207911888687055,3.0473427166345157,-0.8789519130347877
-0.0270325298045709,-0.46157094039994506,1.2283875753857767,3.5188567662205954,2.6558142908766276,-1.2300903708044233,1.0924176714681932,-1.1663733510029048,-0.5745849897131208,-0.06326966394223821,-1.7784528226607792,1.970030212116323,-0.9925406202691743
0.08876632274848326,-0.46157094039994506,1.2283875753857767,-0.2841832067731597,2.6558142908766276,-1.136768078024883,1.0924176714681932,-1.1204886309134092,-0.5745849897131208,-0.06326966394223821,-1.7784528226607792,1.9132548495593695,-0.7426454643535237
-0.107773274153761,-0.46157094039994506,1.2283875753857767,-0.2841832067731597,2.6558142908766276,-1.9479541614162683,1.0095106773865181,-1.154011946366821,-0.5745849897131208,-0.06326966394223821,-1.7784528226607792,2.320618075905511,-1.174282551844193
-0.16749615759839662,-0.46157094039994506,1.2283875753857767,-0.2841832067731597,2.6558142908766276,-0.18631641925480041,1.0924176714681932,-1.1167751225247913,-0.5745849897131208,-0.06326966394223821,-1.7784528226607792,2.1091298503808593,-0.9471051373754197
-0.20095081675872956,-0.46157094039994506,1.2283875753857767,-0.2841832067731597,2.6558142908766276,-0.9070516650290924,1.0924176714681932,-1.0671768940466781,-0.5745849897131208,-0.06326966394223821,-1.7784528226607792,0.526516619105779,-0.7426454643535237
-0.16909513190041084,-0.46157094039994506,1.2283875753857767,-0.2841832067731597,2.6558142908766276,-1.9149324270481227,0.9303721830358285,-1.0955623417295368,-0.5745849897131208,-0.06326966394223821,-1.7784528226607792,2.3546832934396833,-0.8562341715879104
-0.17470794934302233,-0.46157094039994506,1.2283875753857767,-0.2841832067731597,2.6558142908766276,-1.5416432559299635,0.8587706881471089,-1.0605637969162627,-0.5745849897131208,-0.06326966394223821,-1.7784528226607792,2.1829378217048987,-0.492750308437873
-0.11460023812793926,-0.46157094039994506,1.2283875753857767,-0.2841832067731597,2.6558142908766276,-0.9515592200470263,0.9002241851879468,-1.0625477260553875,-0.5745849897131208,-0.06326966394223821,-1.7784528226607792,1.2078209697892215,-0.765363205800401
-0.275298647060874,-0.46157094039994506,1.2283875753857767,-0.2841832067731597,2.6558142908766276,-0.19780223990458995,0.990668178731592,-1.01559473642944,-0.5745849897131208,-0.06326966394223821,-1.7784528226607792,0.16457368280520024,-0.07247209167064236
-0.2992056994047955,-0.46157094039994506,1.2283875753857767,-0.2841832067731597,2.6558142908766276,-1.2286546432231993,1.0924176714681932,-1.0290244106019755,-0.5745849897131208,-0.06326966394223821,-1.7784528226607792,0.048184189563445445,-0.2882906354159769
-0.35435539701923,-0.46157094039994506,1.2283875753857767,3.5188567662205954,2.6558142908766276,-1.7914598550628862,0.6401977037499655,-1.0195625947076892,-0.5745849897131208,-0.06326966394223821,-1.7784528226607792,-0.11646436185171984,-0.7767220765238396
-0.20182637451552282,-0.46157094039994506,1.2283875753857767,-0.2841832067731597,2.6558142908766276,-0.7907577309499743,1.035890175503415,-1.012949497577274,-0.5745849897131208,-0.06326966394223821,-1.7784528226607792,0.4044495896083289,-0.31100837686285454
-0.31150676383456355,-0.46157094039994506,1.2283875753857767,3.5188567662205954,2.6558142908766276,-0.1877521468360246,0.9416776822287841,-0.9487515854343209,-0.5745849897131208,-0.06326966394223821,-1.7784528226607792,0.3093508573254317,-0.5836212742253823
0.004881326693466679,-0.46157094039994506,1.2283875753857767,3.5188567662205954,2.6558142908766276,-0.1547304124678789,0.4366987182767628,-0.9507355145734455,-0.5745849897131208,-0.06326966394223821,-1.7784528226607792,0.2951570166861934,-0.7426454643535237
-0.15745185447361695,-0.46157094039994506,1.2283875753857767,-0.2841832067731597,2.6558142908766276,-1.418170683944726,0.8663076876090794,-0.9553646825647362,-0.5745849897131208,-0.06326966394223821,-1.7784528226607792,0.4541280318456634,-1.0266172324394904
-0.3398870661148104,-0.46157094039994506,1.2283875753857767,-0.2841832067731597,0.3592312760847164,0.9809301042800591,0.9944366784625776,-0.8836888836666215,-0.5745849897131208,-0.06326966394223821,-1.7784528226607792,-1.18526056198637,2.1765843115702133
-0.32209847700490213,-0.46157094039994506,1.2283875753857767,-0.2841832067731597,0.3592312760847164,-0.27820298445311664,1.0924176714681932,-0.9447328571781456,-0.5745849897131208,-0.06326966394223821,-1.7784528226607792,-0.9240938942243839,0.24557628858564037
-0.30984066840979685,-0.46157094039994506,1.2283875753857767,-0.2841832067731597,2.6558142908766276,0.3592600616102016,1.0924176714681932,-0.9403580390764864,-0.5745849897131208,-0.06326966394223821,-1.7784528226607792,-0.7878330240876954,0.1319875813512537
-0.33244706255282624,-0.46157094039994506,1.2283875753857767,3.5188567662205954,0.3592312760847164,-0.014029109507957474,0.813548691375286,-0.9238252962504486,-0.5745849897131208,-0.06326966394223821,-1.7784528226607792,-1.0560966121693007,0.5522657981184843
-0.304121948751287,-0.46157094039994506,1.2283875753857767,-0.2841832067731597,0.3592312760847164,1.7648373636281942,0.745715696217552,-0.8360745843276324,-0.5745849897131208,-0.06326966394223821,-1.7784528226607792,-1.5912044042685878,3.164806064509378
-0.24887231524297668,-0.46157094039994506,1.2283875753857767,3.5188567662205954,0.3592312760847164,2.2142200965512084,1.0245846763104594,-0.8005673397350958,-0.5745849897131208,-0.06326966394223821,-1.7784528226607792,-1.564236107054035,3.164806064509378
-0.2958198116570602,-0.46157094039994506,1.2283875753857767,3.5188567662205954,0.3592312760847164,3.0368920005923834,0.8625391878780945,-0.7388620565105302,-0.5745849897131208,-0.06326966394223821,-1.7784528226607792,-1.3655223381046975,3.164806064509378
-0.1879278273642462,-0.46157094039994506,1.2283875753857767,-0.2841832067731597,0.3592312760847164,-0.5825772316725385,0.7834006935274043,-0.6066001139022275,-0.5745849897131208,-0.06326966394223821,-1.7784528226607792,-0.1845947969200639,0.06383435701062155
-0.08625573377982709,-0.46157094039994506,1.2283875753857767,-0.2841832067731597,0.3592312760847164,-0.2279525191102873,0.8286226902992271,-0.6771059033080381,-0.5745849897131208,-0.06326966394223821,-1.7784528226607792,-0.44434208061812636,0.325088383649711
-0.22255785196300007,-0.46157094039994506,1.2283875753857767,-0.2841832067731597,0.3592312760847164,2.3965574993666183,0.9492146816907546,-0.7979221008829298,-0.5745849897131208,-0.06326966394223821,-1.7784528226607792,-1.3115857436755918,3.164806064509378
-0.2538676183562655,-0.46157094039994506,1.2283875753857767,-0.2841832067731597,0.3592312760847164,-0.5495554973043941,0.30856972742326527,-0.6046161847631031,-0.5745849897131208,-0.06326966394223821,-1.7784528226607792,-0.11362559372387197,0.18878193496844706
-0.1792706941096842,-0.46157094039994506,1.2283875753857767,-0.2841832067731597,0.3592312760847164,0.08503609359647706,0.9454461819597691,-0.7704014428248176,-0.5745849897131208,-0.06326966394223821,-1.7784528226607792,-0.2612415363719513,0.18878193496844706
-0.15702675402951802,-0.46157094039994506,1.2283875753857767,-0.2841832067731597,0.3592312760847164,0.20420148283804357,0.9115296843809023,-0.6877377286946285,-0.5745849897131208,-0.06326966394223821,-1.7784528226607792,-0.23001508696562678,0.018398874116867046
-0.34229746021187657,-0.46157094039994506,1.2283875753857767,-0.2841832067731597,0.3592312760847164,-0.5524269524668411,0.8889186859949906,-0.6046161847631031,-0.5745849897131208,-0.06326966394223821,-1.7784528226607792,0.21141335691468693,-0.5381857913316279
-0.1772570604271103,-0.46157094039994506,1.2283875753857767,-0.2841832067731597,0.3592312760847164,-0.5452483145607229,0.990668178731592,-0.6235398165516756,-0.5745849897131208,-0.06326966394223821,-1.7784528226607792,-0.12923881842703436,-0.3450849890331702
-0.5016400224652116,-0.46157094039994506,-1.1498886250071898,-0.2841832067731597,-0.4609769434838231,-0.9874524095776192,0.6590402024048917,-0.5180354823325912,-0.5745849897131208,-0.6999549861885938,-0.9017507269829289,0.2483173425767067,0.10926983990437646
-0.5087041477397819,-0.46157094039994506,-1.1498886250071898,-0.2841832067731597,-0.4609769434838231,0.2243016689751756,0.4932262142415413,-0.49249875341360344,-0.5745849897131208,-0.6999549861885938,-0.9017507269829289,-0.5536346535402621,0.1660641935215698
-0.509794493089383,-0.46157094039994506,-1.1498886250071898,-0.2841832067731597,-0.4609769434838231,-0.5753985937664202,-0.08712274433018409,-0.46421504568659716,-0.5745849897131208,-0.6999549861885938,-0.9017507269829289,-0.4684716097048316,0.052475486287183126
-0.5124539811308861,-0.46157094039994506,-1.1498886250071898,-0.2841832067731597,-0.4609769434838231,0.4109462545342551,-1.4287086485609266,-0.24527066069193032,-0.5745849897131208,-0.6999549861885938,-0.9017507269829289,-1.0802261412560061,0.8248786954810121
-0.5119199953098776,-0.46157094039994506,-1.1498886250071898,-0.2841832067731597,-0.4609769434838231,-0.3442464531894068,-0.8973501864920089,-0.030294133975512363,-0.5745849897131208,-0.6999549861885938,-0.9017507269829289,-0.40176055870041133,0.12062871062781488
-0.5143020493773373,-0.46157094039994506,-1.1498886250071898,-0.2841832067731597,-0.4609769434838231,0.07929318327158293,0.08999674302612191,-0.15105946157247788,-0.5745849897131208,-0.6999549861885938,-0.9017507269829289,-0.9439652711193176,0.27965290075595645
-0.5124867959020095,-0.46157094039994506,-1.1498886250071898,-0.2841832067731597,-0.4609769434838231,0.8617647150384938,0.12768174033597424,-0.3556585127919367,-0.5745849897131208,-0.6999549861885938,-0.9017507269829289,-0.8545440750921157,0.8816730490982055
-0.5125673412493125,-0.46157094039994506,-1.3933824536372488,-0.2841832067731597,-0.6509198995944325,2.161098176045932,0.46307821639365954,-0.4443248843174255,-0.8004477718465722,-1.3128389879771416,-0.34804414023902436,-0.7637034950009901,2.0062012507186333
-0.5100018227796629,-0.46157094039994506,-1.3933824536372488,-0.2841832067731597,-0.6509198995944325,-0.941509126978461,0.7080306989076997,-0.3187269088174645,-0.8004477718465722,-1.3128389879771416,-0.34804414023902436,0.14754107403811428,0.48411257377785216
-0.5133742863028476,-0.46157094039994506,-1.3933824536372488,-0.2841832067731597,-0.6509198995944325,-0.15329468488665599,-0.08335424459919907,-0.17028831322860793,-0.8004477718465722,-1.3128389879771416,-0.34804414023902436,0.029732196732435687,0.8475964369278898
-0.510647677138592,1.8225777012167015,-1.2433044963684077,-0.2841832067731597,-1.0912422069417538,0.7497779637030456,-1.1272286700821081,0.08858900443818124,-0.5745849897131208,-0.09302131451449781,-1.5477417448508188,-0.888609292626288,1.1202093342904176
-0.5036312824402013,1.8225777012167015,-1.2433044963684077,-0.2841832067731597,-1.0912422069417538,0.4253035303464917,-1.5794486378003358,0.48440830268248963,-0.5745849897131208,-0.09302131451449781,-1.5477417448508188,-1.1895187141781418,0.8703141783747671
-0.509909344788315,1.8225777012167015,-1.2433044963684077,-0.2841832067731597,-1.0912422069417538,1.328376178936192,-1.2101356641637833,0.48440830268248963,-0.5745849897131208,-0.09302131451449781,-1.5477417448508188,-1.0717098368724631,1.4496165852701388
-0.508868221595399,1.8225777012167015,-1.2433044963684077,-0.2841832067731597,-1.0912422069417538,0.9924159249298485,-1.8658546173552135,1.457601850389965,-0.5745849897131208,-0.09302131451449781,-1.5477417448508188,-1.1128719747262543,1.688152870462351
-0.5120855607460004,1.8225777012167015,-1.2433044963684077,-0.2841832067731597,-1.0912422069417538,0.6880416777104267,-1.5153841423735872,1.457601850389965,-0.5745849897131208,-0.09302131451449781,-1.5477417448508188,-1.1710667213471315,0.9498262734388376
-0.5094708201196655,1.8225777012167015,-1.2433044963684077,-0.2841832067731597,-1.0912422069417538,1.3183260858676267,-1.6849666302679225,1.457601850389965,-0.5745849897131208,-0.09302131451449781,-1.5477417448508188,-1.4293946209812702,1.6199996461217188
-0.5203340009420252,3.5991377558074262,-1.699663999083864,-0.2841832067731597,-1.22074876792626,2.3190282099805386,-1.4701621456017642,1.0346688539109543,-0.6875163807798464,-0.9439185208811225,-1.916879469346755,-1.415200780342032,3.164806064509378
-0.5164111442122702,3.5991377558074262,-1.5373347799971582,-0.2841832067731597,-1.3761566411076673,1.4748203922210088,-1.3910236512510743,1.8794157073545976,-0.9133791629132979,-0.5035940924116803,-2.7474393494626126,-1.2576491492464859,1.26787465369512
-0.5154341589810955,3.5991377558074262,-1.5373347799971582,-0.2841832067731597,-1.3761566411076673,1.216389427600745,-1.2968111579764436,1.8794157073545976,-0.9133791629132979,-0.5035940924116803,-2.7474393494626126,-0.6146681682889872,0.9271085319919604
-0.5167735982751335,3.5991377558074262,-1.5373347799971582,-0.2841832067731597,-1.3761566411076673,1.456155933665101,-1.2327466625496948,1.8794157073545976,-0.9133791629132979,-0.5035940924116803,-2.7474393494626126,-0.8971255970098309,1.415539973099823
-0.5172553787784456,3.7260349025639066,-1.4592329859082713,-0.2841832067731597,-1.2811851630523632,-0.1403731366556423,-1.2289781628187095,1.35087663670065,-0.9133791629132979,-0.3905378202370938,-1.7784528226607792,-0.7821554878320001,0.22285854713876313
-0.5020457323627375,-0.46157094039994506,-0.1483479713967583,-0.2841832067731597,-0.6422861288621321,-0.5294553111672621,-1.835706619507332,0.16835312982657274,-0.6875163807798464,-0.8130112583631802,0.021093584256912556,-0.29388736984219965,0.052475486287183126
-0.48813376098691047,-0.46157094039994506,-0.1483479713967583,-0.2841832067731597,-0.6422861288621321,0.09508618666504241,-0.6976197007497917,0.37666568943464923,-0.6875163807798464,-0.8130112583631802,0.021093584256912556,-0.2796935292029611,0.2569351593090788
-0.48480753645939956,-0.46157094039994506,-0.1483479713967583,-0.2841832067731597,-0.6422861288621321,-0.6845138899394201,0.06361724490922518,0.37666568943464923,-0.6875163807798464,-0.8130112583631802,0.021093584256912556,0.7266497721190401,0.0411166155637443
-0.5021277692905461,-0.46157094039994506,-0.1483479713967583,3.5188567662205954,-0.6422861288621321,-0.2810744396155637,-0.44889871850476637,0.31780912497395486,-0.6875163807798464,-0.8130112583631802,0.021093584256912556,0.24405919038493526,0.2569351593090788
-0.45740421941032755,-0.46157094039994506,-0.1483479713967583,3.5188567662205954,-0.6422861288621321,-1.31479829809662,1.0924176714681932,0.1325406653664786,-0.6875163807798464,-0.8130112583631802,0.021093584256912556,1.4405999562727312,-0.24285515252222237
-0.4963717601193961,-0.46157094039994506,-0.1483479713967583,3.5188567662205954,-0.6422861288621321,-0.43039010806282757,0.7947061927203598,0.13360893490293027,-0.6875163807798464,-0.8130112583631802,0.021093584256912556,0.614518431069057,-0.04975435022376511
-0.4663432613804499,-0.46157094039994506,-0.1483479713967583,3.5188567662205954,-0.6422861288621321,-1.2286546432231993,0.6628087021358767,0.025713711721311185,-0.6875163807798464,-0.8130112583631802,0.021093584256912556,1.5669251379619529,-0.322367247586293
-0.48999823661892333,-0.46157094039994506,-0.1483479713967583,3.5188567662205954,-0.6422861288621321,-0.6500564279900516,-0.6486292042469839,0.019405834458453695,-0.6875163807798464,-0.8130112583631802,0.021093584256912556,0.4385148071425013,0.02975774484030547
-0.5014341843554374,-0.46157094039994506,-0.1483479713967583,-0.2841832067731597,-0.6422861288621321,0.16543683814500376,-1.4588566464088086,0.16835312982657274,-0.6875163807798464,-0.8130112583631802,0.021093584256912556,-0.5053755953668514,0.6772133760763098
-0.4928575964481782,-0.46157094039994506,-0.1483479713967583,-0.2841832067731597,-0.6422861288621321,-0.11165858503116784,-1.0782381735793003,0.16835312982657274,-0.6875163807798464,-0.8130112583631802,0.021093584256912556,-0.49260113879153683,0.325088383649711
-0.5155922665146901,-0.46157094039994506,0.35701657859015684,3.5188567662205954,-0.11562611419180609,-0.5337624939109333,-0.5657222101653087,-0.2555463962330369,-0.5745849897131208,-0.8189615884776321,-0.9940351581069143,0.0808300230336938,0.1319875813512537
-0.5119334195344282,-0.46157094039994506,0.35701657859015684,-0.2841832067731597,-0.11562611419180609,0.5487761023317295,0.5309112115513936,-0.09835816444086186,-0.5745849897131208,-0.8189615884776321,-0.9940351581069143,-0.46137468938521253,0.7453666004169416
-0.5058835690036728,-0.46157094039994506,0.35701657859015684,3.5188567662205954,-0.11562611419180609,-0.4433116562938413,0.8587706881471089,-0.3688847070527669,-0.5745849897131208,-0.8189615884776321,-0.9940351581069143,0.7067783952241069,-0.07247209167064236
-0.5053525663436755,-0.46157094039994506,0.35701657859015684,3.5188567662205954,-0.11562611419180609,0.16256538298255668,0.8060116919133159,-0.12776101168224596,-0.5745849897131208,-0.8189615884776321,-0.9940351581069143,-0.3464045802073816,0.09791096918093764
-0.46898186729487445,-0.46157094039994506,-0.8206359636520786,3.5188567662205954,-0.4868782556807244,0.9924159249298485,0.6590402024048917,-0.38292482096041747,-0.23579081651294373,-0.6345013549296226,-0.5326130024869936,-0.4585359212573647,0.5181891859481682
-0.4615806448260362,-0.46157094039994506,-0.8206359636520786,3.5188567662205954,-0.4868782556807244,-0.13750168149319522,0.7645581948724781,-0.28815405208377604,-0.23579081651294373,-0.6345013549296226,-0.5326130024869936,1.2092403538531455,-0.04975435022376511
-0.4293848796124384,-0.46157094039994506,-0.8206359636520786,3.5188567662205954,-0.4868782556807244,0.8890435390817428,0.25204223145848675,-0.1741544315510045,-0.23579081651294373,-0.6345013549296226,-0.5326130024869936,-0.4273094718510404,0.6090601517356776
-0.4307064199404091,-0.46157094039994506,-0.8206359636520786,-0.2841832067731597,-0.4868782556807244,0.5143186403823609,0.36886572311902877,-0.1741544315510045,-0.23579081651294373,-0.6345013549296226,-0.5326130024869936,-0.7580259587452948,0.9043907905450831
-0.47535986553686405,-0.46157094039994506,-0.8206359636520786,-0.2841832067731597,-0.5127795678776257,2.8803976942390013,0.27465322984439794,-0.366290338178527,-0.23579081651294373,-0.6345013549296226,-0.5326130024869936,-1.2491328448629428,2.5741447868905665
-0.4437980220381505,-0.46157094039994506,-0.8206359636520786,-0.2841832067731597,-0.5127795678776257,3.5393966540206745,0.45177271720070394,-0.366290338178527,-0.23579081651294373,-0.6345013549296226,-0.5326130024869936,-1.179583025730675,3.164806064509378
-0.4653946161788817,-0.46157094039994506,-0.8206359636520786,-0.2841832067731597,-0.5127795678776257,2.5559232608824463,0.5836702077851871,-0.2028450991014209,-0.23579081651294373,-0.6345013549296226,-0.5326130024869936,-1.3924906353192508,1.7563060948029832
-0.46088407672991627,-0.46157094039994506,-0.8206359636520786,-0.2841832067731597,-0.5127795678776257,1.2967901721492718,0.334949225540162,-0.2028450991014209,-0.23579081651294373,-0.6345013549296226,-0.5326130024869936,-0.9340295826718507,1.0747738513966631
-0.45649883004342207,-0.46157094039994506,-0.8206359636520786,-0.2841832067731597,-0.5127795678776257,0.4195606200215963,-1.869623117086199,-0.12175835428694606,-0.23579081651294373,-0.6345013549296226,-0.5326130024869936,-1.3030694392920488,1.0634149806732243
-0.44229600046900097,-0.46157094039994506,-0.8206359636520786,-0.2841832067731597,-0.5127795678776257,-0.4002398288571302,-0.1097337427160958,0.029020260286518725,-0.23579081651294373,-0.6345013549296226,-0.5326130024869936,-0.18317541285614009,0.24557628858564037
-0.4533396625325395,-0.46157094039994506,-0.8206359636520786,-0.2841832067731597,-0.5127795678776257,1.65428633987397,0.221894233610605,0.029020260286518725,-0.23579081651294373,-0.6345013549296226,-0.5326130024869936,-1.0915812137673968,1.0861327221201016
-0.4365847387130192,-0.46157094039994506,-0.8206359636520786,-0.2841832067731597,-0.4868782556807244,2.982334352505883,0.08622824329513636,0.11392225344546372,-0.23579081651294373,-0.6345013549296226,-0.5326130024869936,-1.4861699835382238,2.222019794463969
-0.4729524546008091,-0.46157094039994506,-0.8206359636520786,-0.2841832067731597,-0.4868782556807244,2.853118870195751,-0.023058248903435045,0.01904974461296973,-0.23579081651294373,-0.6345013549296226,-0.5326130024869936,-1.276101142077496,2.97170526221092
-0.455584491193483,-0.46157094039994506,-0.8206359636520786,3.5188567662205954,-0.4868782556807244,0.6693772191545189,-0.1700297384118593,0.01904974461296973,-0.23579081651294373,-0.6345013549296226,-0.5326130024869936,-0.6941536758687219,0.7794432125872577
-0.47310459581238135,-0.46157094039994506,-0.8206359636520786,-0.2841832067731597,-0.4868782556807244,-0.2494884328286422,-0.3584547249611209,0.01904974461296973,-0.23579081651294373,-0.6345013549296226,-0.5326130024869936,-0.2924679857782756,0.2114996764153243
-0.444745175659213,-0.46157094039994506,-0.8206359636520786,3.5188567662205954,-0.4868782556807244,0.5329830989382687,0.20682023468666388,0.27141570510519614,-0.23579081651294373,-0.6345013549296226,-0.5326130024869936,-0.4826654503440702,0.3364472543731498
-0.44605030860162204,-0.46157094039994506,-0.8206359636520786,-0.2841832067731597,-0.4868782556807244,1.5767570504878905,0.022163747868387308,0.27141570510519614,-0.23579081651294373,-0.6345013549296226,-0.5326130024869936,-1.1653891850914364,1.0634149806732243
-0.5100972839320218,1.0611948206778195,-1.0151247450106793,-0.2841832067731597,-1.1689461435324575,0.3176239617547147,-1.9789096092847707,1.3101297843817077,-0.4616535986463951,-0.6761536657307861,-0.9017507269829289,-0.9340295826718507,0.17742306424500823
-0.5085937707823667,1.0611948206778195,-1.0151247450106793,-0.2841832067731597,-1.1689461435324575,0.49708990940767595,-1.0857751730412706,1.3101297843817077,-0.4616535986463951,-0.6761536657307861,-0.9017507269829289,-0.790671792215543,0.1319875813512537
-0.5054957580722141,1.0611948206778195,-1.0151247450106793,-0.2841832067731597,-1.1689461435324575,0.9148866355437703,-0.6297867055920577,1.3845016921099147,-0.4616535986463951,-0.6761536657307861,-0.9017507269829289,-0.22149878258208366,-0.015677738053449033
-0.5065652212947367,1.0611948206778195,-1.0151247450106793,-0.2841832067731597,-1.1689461435324575,-0.23656688459762976,-0.22278873464565277,1.3845016921099147,-0.4616535986463951,-0.6761536657307861,-0.9017507269829289,-0.0767216080618522,-0.23149628179878354
-0.5070455102175432,1.0611948206778195,-1.0151247450106793,-0.2841832067731597,-1.1689461435324575,0.14102946926420054,-0.6825457018258508,1.7402863177262486,-0.4616535986463951,-0.6761536657307861,-0.9017507269829289,-0.2442089276048651,0.007040003393428219
-0.4916553825606564,0.6551239510570821,-0.8727038263780031,-0.2841832067731597,-1.1430448313355563,-0.9573021303719218,0.20682023468666388,2.207984894780377,-0.34872220757966943,-0.4976437622972284,0.2518046620668729,-0.06252776742261387,-0.5154680498847503
-0.49385546380643147,0.6551239510570821,-0.8727038263780031,-0.2841832067731597,-1.1430448313355563,-0.9400733993972369,-0.030595248365405614,2.207984894780377,-0.34872220757966943,-0.4976437622972284,0.2518046620668729,0.7834251346759941,-0.4132382133738024
-0.47170549329811884,0.6551239510570821,-0.8727038263780031,-0.2841832067731597,-1.1430448313355563,-0.21790242604172194,-1.3608756534031925,2.259160092574205,-0.34872220757966943,-0.4976437622972284,0.2518046620668729,-0.5366020447731759,0.24557628858564037
-0.49307387562149174,0.6551239510570821,-0.8727038263780031,-0.2841832067731597,-1.1430448313355563,-0.048486571457326065,0.30856972742326527,2.259160092574205,-0.34872220757966943,-0.4976437622972284,0.2518046620668729,-0.3960830224447159,-0.18606079890502905
-0.4978737816885456,0.6551239510570821,-0.8727038263780031,-0.2841832067731597,-1.1430448313355563,0.24870903785597753,-0.8257486916032896,2.142667843123046,-0.34872220757966943,-0.4976437622972284,0.2518046620668729,-0.4855042184719178,0.2682940300325176
-0.4939449586367682,0.6551239510570821,-0.8727038263780031,-0.2841832067731597,-1.1430448313355563,0.6578913985047293,-2.016594606594623,2.142667843123046,-0.34872220757966943,-0.4976437622972284,0.2518046620668729,-0.905641901393374,0.4613948323309749
-0.5014669991265608,0.6551239510570821,-0.8727038263780031,-0.2841832067731597,-1.1430448313355563,0.32623832724205715,-2.1861770944889583,1.9240286779959366,-0.34872220757966943,-0.4976437622972284,0.2518046620668729,-0.9993212496123473,0.2569351593090788
-0.49046062657566253,0.6551239510570821,-0.8727038263780031,-0.2841832067731597,-1.1430448313355563,0.2558876757620958,-2.340685583459353,1.9240286779959366,-0.34872220757966943,-0.4976437622972284,0.2518046620668729,-1.327198968378754,0.3023706422028337
-0.510131590283651,0.6551239510570821,-0.8727038263780031,-0.2841832067731597,-1.1430448313355563,1.001030290417191,-2.4198240778100426,2.6921653446826173,-0.34872220757966943,-0.4976437622972284,0.2518046620668729,-1.3357152727622972,0.8475964369278898
-0.4673635024462874,0.6551239510570821,-0.8727038263780031,-0.2841832067731597,-1.1430448313355563,2.870347601170436,-2.359528082114279,2.6921653446826173,-0.34872220757966943,-0.4976437622972284,0.2518046620668729,-1.3342958886983733,2.346967372421793
-0.5152059471637371,3.5991377558074262,-1.2126763418237458,-0.2841832067731597,-1.4797618898952725,-0.21790242604172194,-1.4701621456017642,2.8516935954594,-1.0263105539800235,-0.5868987140140072,-0.9940351581069143,-0.90422251732945,-0.027036608776887863
-0.5171017459863677,3.5991377558074262,-1.2126763418237458,-0.2841832067731597,-1.4797618898952725,-0.550991224885617,-1.9562986108988591,2.8516935954594,-1.0263105539800235,-0.5868987140140072,-0.9940351581069143,-0.5238275881978613,-0.14062531601127454
-0.5200998228026444,4.106726342833348,-1.1958308568241822,-0.2841832067731597,-1.4624943484306716,1.7145868982853647,-1.387255151520089,1.3845016921099147,-0.8004477718465722,-1.0093721521400936,-1.224746235916874,-1.3953294034470982,2.4832738211030576
-0.43117775938018194,0.5536062336518979,-1.1621398868250543,-0.2841832067731597,0.7218496468413342,3.5092463748149783,0.5987442067091282,-0.9225026768243656,-0.5745849897131208,-0.8903655498510552,-2.5628704872146444,-1.1100332065984067,3.164806064509378
-0.4234260154925253,0.5536062336518979,-1.1621398868250543,-0.2841832067731597,0.7218496468413342,1.5408638609572989,1.0924176714681932,-0.8748883774853766,-0.5745849897131208,-0.8903655498510552,-2.5628704872146444,-0.7310576615307418,1.5745641632279643
-0.424449239719374,0.5536062336518979,-1.1621398868250543,-0.2841832067731597,0.7218496468413342,0.8359216185764664,1.0924176714681932,-0.815828333112977,-0.5745849897131208,-0.8903655498510552,-2.5628704872146444,-0.8573828432199634,0.9043907905450831
-0.44183211893175617,0.5536062336518979,-1.1621398868250543,-0.2841832067731597,0.7218496468413342,1.3542192753982194,0.4065507204288811,-0.764246175495739,-0.5745849897131208,-0.8903655498510552,-2.5628704872146444,-0.4755685300244509,1.3246690073123133
-0.44272557565461673,0.5536062336518979,-1.1621398868250543,-0.2841832067731597,0.7218496468413342,1.8093449186461281,0.692956699983759,-0.750155191610162,-0.5745849897131208,-0.8903655498510552,-2.5628704872146444,-0.8062850169187052,2.3810439845921096
-0.4448108052014599,0.5536062336518979,-1.1621398868250543,-0.2841832067731597,0.7218496468413342,3.069913734960528,0.7720951943344486,-0.6745115344337983,-0.5745849897131208,-0.8903655498510552,-2.5628704872146444,-0.9979018655484234,3.0284996158281134
-0.399299700814279,0.5536062336518979,-1.1621398868250543,-0.2841832067731597,0.7218496468413342,1.5322494954699564,0.8851501862640057,-0.7811858781451868,-0.5745849897131208,-0.8903655498510552,-2.5628704872146444,-0.23995077541309368,1.006620627056031
-0.44034650474816833,0.5536062336518979,-1.1621398868250543,-0.2841832067731597,0.7218496468413342,1.3585264581418905,0.7758636940654337,-0.8568295353215507,-0.5745849897131208,-0.8903655498510552,-2.5628704872146444,-0.6870567555491028,1.6313585168451576
-0.4087921191519828,0.5536062336518979,-1.1621398868250543,-0.2841832067731597,0.7218496468413342,-1.004681140552304,-0.309464228458313,-0.8281388677711343,-0.5745849897131208,-0.8903655498510552,-2.5628704872146444,-0.35350150052700086,0.07519322773406038
-0.4052003932944733,0.5536062336518979,-1.1621398868250543,-0.2841832067731597,0.7218496468413342,1.082866762546942,0.5120687128964675,-0.7536652200870748,-0.5745849897131208,-0.8903655498510552,-2.5628704872146444,0.262511183215945,0.972544014885715
-0.4361298066588081,0.5536062336518979,-1.1621398868250543,-0.2841832067731597,0.1002181541157036,2.9249052492569367,-0.15118723975693313,-0.6068035938139326,-0.5745849897131208,-0.8903655498510552,-2.5628704872146444,-0.7807361037680761,3.164806064509378
-0.5088726963369158,0.5536062336518979,-0.7042489763823648,3.5188567662205954,-0.8581303971696422,-0.48781921131177525,-0.3584547249611209,0.15416040598514344,-0.8004477718465722,-1.1343290845435838,0.021093584256912556,0.10070139992862762,-0.16334305745815178
-0.4777717512144359,0.5536062336518979,-0.7042489763823648,-0.2841832067731597,-0.8581303971696422,-0.5797057765100915,-1.0895436727722558,0.4143603430780157,-0.8004477718465722,-1.1343290845435838,0.021093584256912556,0.00844143577357806,-0.11790757456439688
-0.49821386204382473,0.5536062336518979,-0.7042489763823648,-0.2841832067731597,-0.8581303971696422,-0.028386385320194066,-2.0618166033664456,0.4143603430780157,-0.8004477718465722,-1.1343290845435838,0.021093584256912556,-0.9013837492016025,0.3478061250965882
-0.5053003610259792,0.5536062336518979,-0.7042489763823648,-0.2841832067731597,-0.8581303971696422,0.39946043388446556,-0.46397271742870727,0.15416040598514344,-0.8004477718465722,-1.1343290845435838,0.021093584256912556,-0.7395739659142848,0.2569351593090788
-0.4892986853617921,0.5536062336518979,-0.7042489763823648,3.5188567662205954,-0.8581303971696422,2.0548543350353796,-0.7239991988666885,0.3825666068740968,-0.8004477718465722,-1.1343290845435838,0.021093584256912556,-0.9028031332655263,1.4836931974404552
-0.5139753932466086,1.5687834077037408,-0.7884764013801839,3.5188567662205954,-1.0049044996187495,0.715320501753677,-1.4362456480228973,0.2356032406451022,-0.6875163807798464,-0.9498688509955744,-0.4403285713630082,-1.3357152727622972,1.1656448171841722
-0.5080687344443919,1.5687834077037408,-0.7884764013801839,-0.2841832067731597,-1.0049044996187495,0.8531503495511513,-1.0631641746553593,0.33210358877123647,-0.6875163807798464,-0.9498688509955744,-0.4403285713630082,-1.413781396278108,1.1202093342904176
-0.5067785173070389,1.5687834077037408,-0.7884764013801839,3.5188567662205954,-1.0049044996187495,1.4461058405965357,-0.8295171913342748,0.5965766040099156,-0.6875163807798464,-0.9498688509955744,-0.4403285713630082,-0.9780304886534897,1.256515782971682
-0.5132549598623989,1.5687834077037408,-0.7884764013801839,3.5188567662205954,-1.0049044996187495,0.8129499772768873,-1.6359761337651144,0.6350343073221758,-0.6875163807798464,-0.9498688509955744,-0.4403285713630082,-1.2462940767350952,1.245156912248243
-0.5104940443465142,1.5687834077037408,-0.7884764013801839,-0.2841832067731597,-1.0049044996187495,0.31905968933593887,-1.466393645870779,0.2674987168048734,-0.6875163807798464,-0.9498688509955744,-0.4403285713630082,-0.8162207053661721,0.7908020833106965
-0.49101400294324393,0.5536062336518979,-1.2601499813679713,-0.2841832067731597,-1.0403029596211812,0.7928497911397566,-1.4626251461397937,0.24735420554607038,-0.5745849897131208,-1.1759813953447473,-1.6861683915367947,-1.1483565763243504,1.4723343267170166
-0.5170569985711995,0.5536062336518979,-1.2601499813679713,-0.2841832067731597,-1.0403029596211812,2.240063193013236,-0.24539973303156393,0.5495218744281156,-0.5745849897131208,-1.1759813953447473,-1.6861683915367947,-1.3030694392920488,2.642298011231199
-0.516867567846987,0.5536062336518979,-1.2601499813679713,-0.2841832067731597,-1.0403029596211812,1.0168232938106518,-1.2742001595905321,0.8293067530226016,-0.5745849897131208,-1.1759813953447473,-1.6861683915367947,-1.18526056198637,1.5064109388873321
-0.5132519767013876,0.5536062336518979,-1.2601499813679713,3.5188567662205954,-1.0403029596211812,1.9888108662990893,-0.8031376932173782,0.8126214002627851,-0.5745849897131208,-1.1759813953447473,-1.6861683915367947,-1.4095232440863366,2.710451235571831
-0.5207591013861241,2.330166288242623,-1.4255420159091436,-0.2841832067731597,-1.5056632020921736,0.277423589480452,-1.4739306453327496,1.878550917729851,-1.0263105539800235,-0.6761536657307861,-1.5015995292888262,-0.6686047627180929,-0.015677738053449033
-0.5166199654830557,2.2032691414861425,-0.9553998436485892,-0.2841832067731597,-1.3675228703753668,-0.07289394033812929,-1.496541643718661,1.8835870455445516,-0.4616535986463951,-0.7178059765319494,-0.9017507269829289,-0.8233176256857914,0.12062871062781488
-0.5155475190995218,2.2032691414861425,-0.9553998436485892,-0.2841832067731597,-1.3675228703753668,0.07929318327158293,-0.9576461821877726,1.8835870455445516,-0.4616535986463951,-0.7178059765319494,-0.9017507269829289,-0.7580259587452948,0.018398874116867046
-0.5159845521876657,2.2032691414861425,-0.9553998436485892,-0.2841832067731597,-1.3675228703753668,0.4382250785775054,-1.8130956211214204,1.8835870455445516,-0.4616535986463951,-0.7178059765319494,-0.9017507269829289,-0.4869236025358416,0.3023706422028337
-0.5171703586896258,3.5991377558074262,-1.012061929556213,-0.2841832067731597,-1.315720245981565,0.8632004426197167,-1.6246706345721589,0.7641931812769757,-0.6875163807798464,-1.0034218220256417,0.297946877628864,-1.3641029540407739,0.7226488589700644
-0.5106312697530303,3.5991377558074262,-1.012061929556213,-0.2841832067731597,-1.315720245981565,1.2752542584309157,-1.6322076340341292,0.7641931812769757,-0.6875163807798464,-1.0034218220256417,0.297946877628864,-1.3314571205705255,1.7222294826326667
-0.5170018100924918,3.5991377558074262,-1.012061929556213,-0.2841832067731597,-1.315720245981565,0.5315473713570446,-1.7942531224664942,0.7641931812769757,-0.6875163807798464,-1.0034218220256417,0.297946877628864,-1.169647337283208,0.6544956346294322
-0.5100659607414041,-0.46157094039994506,0.361610801771856,-0.2841832067731597,-1.0912422069417538,-0.19062360199847164,-1.982678109015756,0.9605512960723788,-0.6875163807798464,-0.7416072969897571,-1.178604020354882,-0.6189263204807586,0.20014080569188547
-0.5101644050547743,-0.46157094039994506,0.361610801771856,-0.2841832067731597,-1.0912422069417538,-0.36003945658286624,-1.0820066733102855,0.9605512960723788,-0.6875163807798464,-0.7416072969897571,-1.178604020354882,-0.3605984208466199,-0.04975435022376511
-0.5031047545217209,-0.46157094039994506,0.361610801771856,-0.2841832067731597,-1.0912422069417538,0.6004622952557817,-1.5040786431806312,1.1933831850409176,-0.6875163807798464,-0.7416072969897571,-1.178604020354882,-0.9468040392471653,0.7340077296935031
-0.5143811031441345,-0.46157094039994506,0.361610801771856,-0.2841832067731597,-1.0912422069417538,0.41525343727792635,-0.7541471967145702,1.1933831850409176,-0.6875163807798464,-0.7416072969897571,-1.178604020354882,-0.7878330240876954,0.5636246688419232
-0.5013581137496512,-0.46157094039994506,0.361610801771856,-0.2841832067731597,-1.0912422069417538,-0.6744637968708548,-0.490352215545604,1.3763116256637855,-0.6875163807798464,-0.7416072969897571,-1.178604020354882,0.41154650992794817,-0.2087785403519063
-0.512749314070997,3.0915491687815053,-1.4270734236363767,-0.2841832067731597,-1.410691724036869,0.12236501070829271,-1.9186136135890068,2.1433291528360874,-0.5745849897131208,-0.33103451909257464,-1.7323106070987866,-1.1313239675572644,0.0411166155637443
-0.5171181533719295,1.264230255488188,-0.8374814486516424,-0.2841832067731597,-1.1257772898709555,0.4741182681080969,-1.153608168199005,0.9549555985004891,-0.34872220757966943,-0.5035940924116803,-1.1324618047928894,-0.48834298659976544,-0.015677738053449033
-0.5085728886552882,1.264230255488188,-0.8374814486516424,-0.2841832067731597,-1.1257772898709555,0.3377241478918467,-1.982678109015756,0.9549555985004891,-0.34872220757966943,-0.5035940924116803,-1.1324618047928894,-0.6061518639054441,0.48411257377785216
-0.5074780685641702,1.264230255488188,-0.8374814486516424,-0.2841832067731597,-1.1257772898709555,1.0369234799477838,-2.0090576071326525,0.9549555985004891,-0.34872220757966943,-0.5035940924116803,-1.1324618047928894,-1.1469371922604266,1.245156912248243
-0.5141678071318323,1.213471396785596,-1.4362618699997751,-0.2841832067731597,-0.7890602313112394,1.4015982855786004,-1.1272286700821081,0.20731953291809593,-0.34872220757966943,-1.1402794146580357,-0.0711908468670729,-0.853124691028192,1.5859230339514032
-0.5142215040300343,1.213471396785596,-1.4362618699997751,-0.2841832067731597,-0.7890602313112394,0.5114471852199125,-0.48658371581461873,-0.1243527231611859,-0.34872220757966943,-1.1402794146580357,-0.0711908468670729,-0.5692478782434243,0.7112899882466255
-0.5112025450866791,1.213471396785596,-1.4362618699997751,-0.2841832067731597,-0.7890602313112394,1.6657721605237596,0.03346924706134343,-0.2621086233855256,-0.34872220757966943,-1.1402794146580357,-0.0711908468670729,-0.9184163579686885,1.2792335244185589
-0.5150373985666031,1.213471396785596,-1.4362618699997751,-0.2841832067731597,-0.7890602313112394,0.845971711645033,-0.026826748634420597,-0.21963219181709,-0.34872220757966943,-1.1402794146580357,-0.0711908468670729,-0.7679616471927616,0.6885722467997483
-0.44886193785469747,-0.46157094039994506,-0.2540151045758404,-0.2841832067731597,-0.16742873858560864,0.5387260092631628,0.4329302185457778,-0.15105946157247788,-0.6875163807798464,-0.6523523452729784,-0.0711908468670729,-1.1923574823059895,0.07519322773406038
-0.47027805075424983,-0.46157094039994506,-0.2540151045758404,-0.2841832067731597,-0.16742873858560864,-0.41316137708814266,0.21435723414863445,-0.26042991411395877,-0.6875163807798464,-0.6523523452729784,-0.0711908468670729,-0.4216319355953449,-0.2087785403519063
-0.12929081452769492,-0.46157094039994506,-0.2540151045758404,-0.2841832067731597,-0.16742873858560864,-1.8474532307306097,-1.2515891612046208,-0.5570527554020404,-0.6875163807798464,-0.6523523452729784,-0.0711908468670729,-0.04265639052768005,-0.6858511107363302
-0.40449785887633083,-0.46157094039994506,-0.2540151045758404,-0.2841832067731597,-0.16742873858560864,-0.19780223990458995,-0.6863142015568362,-0.49555095208917976,-0.6875163807798464,-0.6523523452729784,-0.0711908468670729,-0.9879661771009565,-0.004318867330010206
-0.4833607033689576,-0.46157094039994506,-0.2540151045758404,-0.2841832067731597,-0.16742873858560864,-0.3399392704457355,0.7306416972936113,-0.39701580484599425,-0.6875163807798464,-0.6523523452729784,-0.0711908468670729,-0.1732397244086732,-0.31100837686285454
-0.4822136779601433,-0.46157094039994506,-0.2540151045758404,-0.2841832067731597,-0.16742873858560864,0.008942531791621584,0.4442357177387334,-0.17888533949814767,-0.6875163807798464,-0.6523523452729784,-0.0711908468670729,-0.7154444368275795,-0.06111322094720354
-0.4673247213531415,-0.46157094039994506,-0.2540151045758404,-0.2841832067731597,-0.16742873858560864,0.44109653373995245,0.6138182056330688,-0.006181764438460226,-0.6875163807798464,-0.6523523452729784,-0.0711908468670729,-0.51956943600609,0.18878193496844706
-0.4845733583200188,-0.46157094039994506,-0.2540151045758404,-0.2841832067731597,-0.16742873858560864,-0.7965006412748683,0.25204223145848675,0.16814964991486767,-0.6875163807798464,-0.6523523452729784,-0.0711908468670729,-0.2044661738149977,-0.6744922400128918
-0.47492134086821464,-0.46157094039994506,-0.2540151045758404,-0.2841832067731597,-0.16742873858560864,-0.4964335767991177,0.4593097166626745,0.19541595808334866,-0.6875163807798464,-0.6523523452729784,-0.0711908468670729,0.7649731418449838,-0.492750308437873
-0.48581733646169767,-0.46157094039994506,-0.2540151045758404,-0.2841832067731597,-0.16742873858560864,-0.6859496175206443,0.025932247599372862,0.21225392077694394,-0.6875163807798464,-0.6523523452729784,-0.0711908468670729,0.4257403505671865,-0.2655728939690996
-0.46242935413372854,-0.46157094039994506,-0.2540151045758404,-0.2841832067731597,-0.16742873858560864,0.17548693121356912,-0.14365024029496257,-0.04168900903099676,-0.6875163807798464,-0.6523523452729784,-0.0711908468670729,-0.36627595710231536,0.10926983990437646
-0.451473695320021,-0.46157094039994506,-0.2540151045758404,-0.2841832067731597,-0.16742873858560864,-0.21072378813560236,-0.46020421769772224,0.19709466735491551,-0.6875163807798464,-0.6523523452729784,-0.0711908468670729,-0.02988193395236552,-0.1292664452878357
-0.4973949843462447,-0.46157094039994506,-0.6399298518385756,-0.2841832067731597,-0.6077510459329304,0.23865894478741217,-0.7051567002117624,0.47102949848788056,-0.5745849897131208,-0.753507957218661,0.48251573987683327,-0.8148013213022482,0.18878193496844706
-0.49530826321889593,-0.46157094039994506,-0.6399298518385756,-0.2841832067731597,-0.6077510459329304,0.16687256572622794,-0.6297867055920577,0.47102949848788056,-0.5745849897131208,-0.753507957218661,0.48251573987683327,-0.8616409954117349,0.10926983990437646
-0.4700185157462736,-0.46157094039994506,-0.6399298518385756,-0.2841832067731597,-0.6077510459329304,-0.31409617398370815,-0.7956006937554079,0.5629515486006508,-0.5745849897131208,-0.753507957218661,0.48251573987683327,-0.7438321181060563,-0.19741966962846785
-0.48004491990498593,-0.46157094039994506,-0.6399298518385756,-0.2841832067731597,-0.6077510459329304,-0.7921934585311972,0.12391324060498868,0.5629515486006508,-0.5745849897131208,-0.753507957218661,0.48251573987683327,-0.17040095628082555,-0.4132382133738024
-0.471517554154412,-0.46157094039994506,-0.6399298518385756,-0.2841832067731597,-0.6077510459329304,0.2228659413939514,-1.1649136673919605,0.5629515486006508,-0.5745849897131208,-0.753507957218661,0.48251573987683327,-0.9680948002060228,0.325088383649711
-0.4937764100396342,-0.46157094039994506,-0.6399298518385756,-0.2841832067731597,-0.6077510459329304,0.24583758269353045,-2.122112599062209,0.9163961552323762,-0.5745849897131208,-0.753507957218661,0.48251573987683327,-1.115710742854102,0.27965290075595645
-0.4771288800165179,-0.46157094039994506,-0.6399298518385756,-0.2841832067731597,-0.6077510459329304,0.0749860005279117,-1.5869856372623066,0.9163961552323762,-0.5745849897131208,-0.753507957218661,0.48251573987683327,-0.9638366480142513,0.09791096918093764
-0.48644230869354843,-0.46157094039994506,-0.6399298518385756,-0.2841832067731597,-0.6077510459329304,-0.2537956155723134,-1.029247677076492,0.9163961552323762,-0.5745849897131208,-0.753507957218661,0.48251573987683327,-0.02136562956882267,0.007040003393428219
-0.5149016647405926,1.3149891141907801,-0.8420756718333416,-0.2841832067731597,-1.0834718132826833,-0.7950649136936442,-1.6058281359172326,1.5394516448733337,-1.0263105539800235,-0.6523523452729784,-0.763324080296954,-0.07246345587008078,-0.5722624035019436
-0.5172240555878278,1.3149891141907801,-0.8420756718333416,-0.2841832067731597,-1.0834718132826833,-0.328453449795946,-1.7980216221974796,1.5394516448733337,-1.0263105539800235,-0.6523523452729784,-0.763324080296954,-0.7253801252750465,-0.31100837686285454
-0.514812169910256,-0.46157094039994506,-0.9753081441026191,-0.2841832067731597,-0.417808089822321,0.08072891085280583,-1.240283662011665,1.4467156751137433,-0.5745849897131208,-1.128378754429132,0.7593690332487847,-1.0305476990186717,0.007040003393428219
-0.5168183456903017,-0.46157094039994506,-0.9753081441026191,-0.2841832067731597,-0.417808089822321,0.07211454536546336,-1.2252096630877243,1.4467156751137433,-0.5745849897131208,-1.128378754429132,0.7593690332487847,-0.878673604178821,-0.16334305745815178
-0.5164857232375507,-0.46157094039994506,-0.9753081441026191,-0.2841832067731597,-0.417808089822321,-0.3198390843086035,-1.3759496523271335,1.2060498095445586,-0.5745849897131208,-1.128378754429132,0.7593690332487847,-0.6998312121244173,-0.11790757456439688
-0.5172822272275466,-0.46157094039994506,-0.9753081441026191,-0.2841832067731597,-0.417808089822321,-0.5610413179541837,-0.9312666840708762,0.8223884360246287,-0.5745849897131208,-1.128378754429132,0.7593690332487847,-0.4457614646820502,-0.2996495061394157
-0.5178579773027122,-0.46157094039994506,-0.9753081441026191,-0.2841832067731597,-0.417808089822321,-0.523712400842368,-0.4300562198498402,1.0176782812835803,-0.5745849897131208,-1.128378754429132,0.7593690332487847,-0.33788827582383846,-0.4132382133738024
-0.5174627084687254,-0.46157094039994506,-0.9753081441026191,-0.2841832067731597,-0.417808089822321,-0.288253077521682,-1.270431659859547,0.609294098491483,-0.5745849897131208,-1.128378754429132,0.7593690332487847,-0.6288620089282254,-0.17470192818159022
-0.5141946555809334,-0.46157094039994506,-0.9753081441026191,-0.2841832067731597,-0.417808089822321,-0.39449691853223484,-0.9651831816497433,0.609294098491483,-0.5745849897131208,-1.128378754429132,0.7593690332487847,-0.45427776906559325,-0.356443859756609
-0.5132191619302642,-0.46157094039994506,-0.9753081441026191,-0.2841832067731597,-0.417808089822321,-0.41890428741303803,-0.47150971689067783,0.609294098491483,-0.5745849897131208,-1.128378754429132,0.7593690332487847,-0.5181500519421661,-0.39052047192692513
-0.5204533273824741,1.3149891141907801,-1.5373347799971582,-0.2841832067731597,-1.0480733532802515,1.4087769234847187,-0.8182116921413193,1.7415071971964788,-1.0263105539800235,-0.7713589475620167,-1.4093150981648424,-1.0575159962332246,1.1997214293544887
-0.5196046180747818,3.852932049320387,-1.134574547734859,-0.2841832067731597,-1.1603123728001572,0.36787442709754403,-1.6322076340341292,2.503234246664449,-0.6875163807798464,-0.3726868298937381,-0.30190192467703325,-0.9340295826718507,0.10926983990437646
-0.5180697817345088,1.5687834077037408,-1.578682788632451,-0.2841832067731597,-1.1603123728001572,0.975187193955165,-1.3759496523271335,2.633868349979111,-1.0263105539800235,-0.4678921117249688,0.5286579554388243,-1.0007406336762712,0.5068303152247298
-0.5105358086006713,2.583960581755584,-1.511300848634196,-0.2841832067731597,-1.315720245981565,0.45832526471463614,-1.3231906560933402,3.6096562665608265,-0.6875163807798464,-0.015667023026622845,-0.117333062429064,-1.0575159962332246,0.22285854713876313
-0.5159785858656432,3.5991377558074262,-1.477609878635068,-0.2841832067731597,-1.298452704516964,-0.8568011996862631,-1.8507806184312727,3.5462722740646933,-0.6875163807798464,-0.4738424418394207,1.5899289133646424,-0.6941536758687219,-0.44731482554411844
-0.506495117010973,3.5991377558074262,-1.477609878635068,-0.2841832067731597,-1.298452704516964,-0.4648475700121962,-1.9412246119749181,3.5462722740646933,-0.6875163807798464,-0.4738424418394207,1.5899289133646424,-1.046160923721834,-0.17470192818159022
0.8174869282474194,-0.46157094039994506,1.001739231755282,3.5188567662205954,1.7838034469142858,-0.06858675759445805,0.9944366784625776,-0.7591083077251857,1.5711114405546673,1.5016671561586168,0.7593690332487847,0.661358105178544,-0.492750308437873
0.05181987362451654,-0.46157094039994506,1.001739231755282,3.5188567662205954,1.7838034469142858,0.19415138976947693,0.7532526956795225,-0.5642762922675708,1.5711114405546673,1.5016671561586168,0.7593690332487847,0.04676480549952164,-0.04975435022376511
0.25349199904656566,-0.46157094039994506,1.001739231755282,3.5188567662205954,1.7838034469142858,-0.19062360199847164,0.46684671612464507,-0.45363409027793294,1.5711114405546673,1.5016671561586168,0.7593690332487847,-0.20730494194284532,0.06383435701062155
0.1132148188159413,-0.46157094039994506,1.001739231755282,-0.2841832067731597,1.7838034469142858,-0.21215951571682654,0.3877082217739549,-0.5622923631284461,1.5711114405546673,1.5016671561586168,0.7593690332487847,-0.03839823833590862,0.052475486287183126
0.1550700593838714,-0.46157094039994506,1.001739231755282,-0.2841832067731597,1.7838034469142858,0.1984585725131482,0.6401977037499655,-0.5576631951371555,1.5711114405546673,1.5016671561586168,0.7593690332487847,-0.7310576615307418,0.325088383649711
0.04990170109430174,-0.46157094039994506,1.001739231755282,-0.2841832067731597,1.7838034469142858,-0.012593381926733305,0.7570211954105075,-0.6709506359789593,1.5711114405546673,1.5016671561586168,0.7593690332487847,0.17734813938051477,-0.2542140232456612
0.026242251114311478,-0.46157094039994506,1.001739231755282,-0.2841832067731597,1.7838034469142858,-1.288955201634594,0.9492146816907546,-0.7685701236194719,1.5711114405546673,1.5016671561586168,0.7593690332487847,-0.39040548618902066,-0.15198418673471295
0.10740958748810607,-0.46157094039994506,1.001739231755282,3.5188567662205954,1.7838034469142858,-0.655799338314947,0.6778827010598178,-0.8697505097148234,1.5711114405546673,1.5016671561586168,0.7593690332487847,0.24122042225708765,-0.6063390156722597
-0.004177041717104611,-0.46157094039994506,1.001739231755282,3.5188567662205954,1.3348473688346636,3.618361670987977,0.4480042174697189,-0.8697505097148234,1.5711114405546673,1.5016671561586168,0.7593690332487847,-1.0859036775117015,-0.027036608776887863
0.15715081418919766,-0.46157094039994506,1.001739231755282,-0.2841832067731597,1.3348473688346636,-3.87470057541846,0.6364292040189805,-1.018036495369901,1.5711114405546673,1.5016671561586168,0.7593690332487847,-0.8261563938136389,0.6090601517356776
0.029035981401319553,-0.46157094039994506,1.001739231755282,-0.2841832067731597,1.3348473688346636,-1.8618105065428463,0.7683266946034636,-0.9472763560744591,1.5711114405546673,1.5016671561586168,0.7593690332487847,0.15037984216596192,-0.027036608776887863
1.4945511176760602,-0.46157094039994506,1.001739231755282,-0.2841832067731597,0.5837093151245275,-3.4411108458889053,1.0924176714681932,-1.0702290927222542,1.5711114405546673,1.5016671561586168,0.7593690332487847,0.05528110988306474,0.10926983990437646
0.2082150727987657,-0.46157094039994506,1.001739231755282,-0.2841832067731597,0.5837093151245275,-1.8517604134742809,1.0924176714681932,-1.1608285234089415,1.5711114405546673,1.5016671561586168,0.7593690332487847,-1.3740386424882407,3.164806064509378
0.32332928989974463,-0.46157094039994506,1.001739231755282,3.5188567662205954,0.5837093151245275,0.6076409331619,0.9718256800766658,-1.1485179887507841,1.5711114405546673,1.5016671561586168,0.7593690332487847,-1.3073275914838203,3.164806064509378
0.45291482106615455,-0.46157094039994506,1.001739231755282,3.5188567662205954,0.5837093151245275,1.085738217709389,0.9982051781935626,-1.227010364691019,1.5711114405546673,1.5016671561586168,0.7593690332487847,-1.4166201644059557,3.164806064509378
0.8546779965743061,-0.46157094039994506,1.001739231755282,-0.2841832067731597,0.5837093151245275,-0.06284384726956266,1.0924176714681932,-1.2439500673404669,1.5711114405546673,1.5016671561586168,0.7593690332487847,-0.484084834407994,3.164806064509378
0.7107330198803861,-0.46157094039994506,1.001739231755282,3.5188567662205954,0.9031588322196432,-0.5524269524668411,0.700493699445729,-1.2640437086213439,1.5711114405546673,1.5016671561586168,0.7593690332487847,-0.5763447985630433,3.164806064509378
1.1344686678166824,-0.46157094039994506,1.001739231755282,-0.2841832067731597,0.9031588322196432,-1.9436469786725972,1.0924176714681932,-1.2413556984662273,1.5711114405546673,1.5016671561586168,0.7593690332487847,3.098440542935775,-0.9471051373754197
2.236761577267736,-0.46157094039994506,1.001739231755282,-0.2841832067731597,0.9031588322196432,-3.0462857610523906,1.0924176714681932,-1.2602793302547997,1.5711114405546673,1.5016671561586168,0.7593690332487847,3.5526434433914025,-0.9471051373754197
2.4024612556359815,-0.46157094039994506,1.001739231755282,-0.2841832067731597,0.9290601444165445,1.5121493093328244,1.0132791771175036,-1.1690694598329971,1.5711114405546673,1.5016671561586168,0.7593690332487847,0.07089433458622689,-0.8107986886941557
1.7579344033567235,-0.46157094039994506,1.001739231755282,-0.2841832067731597,0.9290601444165445,0.5588261954002948,0.8399281894921827,-1.154520646146084,1.5711114405546673,1.5016671561586168,0.7593690332487847,1.4618907172315885,-0.935746266651981
0.9428587444854801,-0.46157094039994506,1.001739231755282,-0.2841832067731597,0.9290601444165445,0.7670066946777292,1.0471956746963704,-1.1478566790377425,1.5711114405546673,1.5016671561586168,0.7593690332487847,1.1780139044468207,-1.0038994909926129
3.0049255376570296,-0.46157094039994506,1.001739231755282,-0.2841832067731597,0.9290601444165445,0.17261547605112207,0.9492146816907546,-1.1335622152404607,1.5711114405546673,1.5016671561586168,0.7593690332487847,1.5257630001081617,-1.0266172324394904
2.142568268338447,-0.46157094039994506,1.001739231755282,-0.2841832067731597,0.9290601444165445,-0.052793754200997293,1.0924176714681932,-1.1335622152404607,1.5711114405546673,1.5016671561586168,0.7593690332487847,1.2546606438987085,-1.356024483419212
1.8454006842057102,-0.46157094039994506,1.001739231755282,-0.2841832067731597,0.9290601444165445,0.4095105269530309,1.058501173889326,-1.065854274620595,1.5711114405546673,1.5016671561586168,0.7593690332487847,1.1553037594240394,-1.276512388355141
0.8479241200449028,-0.46157094039994506,1.001739231755282,-0.2841832067731597,1.179439495653256,-1.0391386025016727,1.0924176714681932,-1.0347218481297176,1.5711114405546673,1.5016671561586168,0.7593690332487847,1.5129885435328472,-1.2310769054613864
0.6697488623277321,-0.46157094039994506,1.001739231755282,-0.2841832067731597,1.179439495653256,-1.0621102438012517,1.0924176714681932,-1.0587833476888433,1.5711114405546673,1.5016671561586168,0.7593690332487847,1.6492494136695353,-1.1174881982269997
2.4734306560929187,-0.46157094039994506,1.001739231755282,-0.2841832067731597,1.179439495653256,-2.7160684173709413,0.7607896951414931,-1.1063976470278325,1.5711114405546673,1.5016671561586168,0.7593690332487847,2.510815540471305,-1.515048673547353
1.9852214408016182,-0.46157094039994506,1.001739231755282,-0.2841832067731597,1.179439495653256,-1.4109920460386076,1.0208161765794737,-1.1132142240699525,1.5711114405546673,1.5016671561586168,0.7593690332487847,2.536364453621934,-1.6967906051223718
3.116137780155332,-0.46157094039994506,1.001739231755282,-0.2841832067731597,1.179439495653256,-2.3083217843034136,1.0924176714681932,-1.0923066631422556,1.5711114405546673,1.5016671561586168,0.7593690332487847,2.1772602854492034,-1.3219478712488957
2.8481455107123335,-0.46157094039994506,1.001739231755282,-0.2841832067731597,1.179439495653256,-1.8086885860375699,0.696725199714744,-1.0662612344440052,1.5711114405546673,1.5016671561586168,0.7593690332487847,2.703851773164947,-1.6740728636754945
1.6155928757063345,-0.46157094039994506,1.001739231755282,-0.2841832067731597,1.179439495653256,-1.9809758957844128,1.0924176714681932,-1.030092680138427,1.5711114405546673,1.5016671561586168,0.7593690332487847,2.5093961564073815,-1.356024483419212
0.6935037734600816,-0.46157094039994506,1.001739231755282,-0.2841832067731597,1.179439495653256,-1.2487548293603312,1.0509641744273561,-0.9595868907326166,1.5711114405546673,1.5016671561586168,0.7593690332487847,1.1226579259537914,-1.208359164014509
0.5160668480931883,-0.46157094039994506,1.001739231755282,-0.2841832067731597,1.179439495653256,-0.7850148206250789,0.9793626795386364,-0.8586608545268964,1.5711114405546673,1.5016671561586168,0.7593690332487847,0.5918082860462756,-0.7994398179707171
0.26710714590177637,-0.46157094039994506,1.001739231755282,-0.2841832067731597,1.179439495653256,-0.29973889817147154,0.4329302185457778,-0.7359115977908064,1.5711114405546673,1.5016671561586168,0.7593690332487847,0.8260066565937093,0.12062871062781488
1.2045431199702534,-0.46157094039994506,1.001739231755282,-0.2841832067731597,1.179439495653256,-1.7570023931135175,0.9793626795386364,-0.9382723699815093,1.5711114405546673,1.5016671561586168,0.7593690332487847,1.8082204288290054,-1.4128188370364052
0.7670416755476797,-0.46157094039994506,1.001739231755282,-0.2841832067731597,1.119003100527153,-0.09586558163770835,0.813548691375286,-0.9274879346611401,1.5711114405546673,1.5016671561586168,0.7593690332487847,0.316447777645051,-0.9471051373754197
1.4703278502649493,-0.46157094039994506,1.001739231755282,-0.2841832067731597,1.119003100527153,-0.5351982214921576,0.8926871857259762,-0.9321171026524306,1.5711114405546673,1.5016671561586168,0.7593690332487847,0.48393509718806416,-1.072052715333245
0.777779563607568,-0.46157094039994506,1.001739231755282,-0.2841832067731597,1.119003100527153,0.30326668594247813,1.0471956746963704,-0.960807770202847,1.5711114405546673,1.5016671561586168,0.7593690332487847,0.5932276701101997,-1.0266172324394904
0.35346965717661155,-0.46157094039994506,1.001739231755282,-0.2841832067731597,1.119003100527153,0.20850866558171482,0.9416776822287841,-0.9856831894087932,1.5711114405546673,1.5016671561586168,0.7593690332487847,0.9125890844930633,-1.0947704567801224
0.6219496734449452,-0.46157094039994506,1.001739231755282,-0.2841832067731597,1.119003100527153,-0.7362000828634736,1.0509641744273561,-1.0077607598287945,1.5711114405546673,1.5016671561586168,0.7593690332487847,0.9906552080088745,-1.5491252857176692
5.198085849886161,-0.46157094039994506,1.001739231755282,-0.2841832067731597,1.119003100527153,-1.1583039917432378,1.0924176714681932,-1.080911788086771,1.5711114405546673,1.5016671561586168,0.7593690332487847,2.50513800421561,-1.9466857610380224
0.9567393926706896,-0.46157094039994506,1.001739231755282,-0.2841832067731597,1.119003100527153,-0.5854486868349856,0.2558107311894718,-1.0754178304707338,1.5711114405546673,1.5016671561586168,0.7593690332487847,2.417136192252332,-1.7990204416333198
3.2134335765362905,-0.46157094039994506,1.001739231755282,-0.2841832067731597,1.119003100527153,-0.39162546336978776,1.0924176714681932,-1.0304487699839109,1.5711114405546673,1.5016671561586168,0.7593690332487847,1.9629332917967037,-1.8785325366973902
1.6010499657766342,-0.46157094039994506,1.001739231755282,-0.2841832067731597,1.119003100527153,0.11949355554584565,1.0924176714681932,-1.0379266567390726,1.5711114405546673,1.5016671561586168,0.7593690332487847,1.047430570565828,-1.6967906051223718
0.9088835237286893,-0.46157094039994506,1.001739231755282,-0.2841832067731597,1.119003100527153,0.20707293800049065,1.0924176714681932,-1.0049120410649233,1.5711114405546673,1.5016671561586168,0.7593690332487847,1.0460111865019037,-1.140205939673877
3.1769793489791756,-0.46157094039994506,1.001739231755282,-0.2841832067731597,1.119003100527153,-1.3076196601905017,0.9416776822287841,-0.9724569951479629,1.5711114405546673,1.5016671561586168,0.7593690332487847,0.9693644470500167,-1.5718430271645463
5.672020639738773,-0.46157094039994506,1.001739231755282,-0.2841832067731597,1.119003100527153,-1.046317240407791,0.5422167107443497,-1.0209869540896246,1.5711114405546673,1.5016671561586168,0.7593690332487847,2.049515719696058,-1.5491252857176692
2.5675941334120957,-0.46157094039994506,1.001739231755282,-0.2841832067731597,0.8254548956289394,-3.0462857610523906,1.0924176714681932,-1.239371769327103,1.5711114405546673,1.5016671561586168,0.7593690332487847,1.476084557870827,-1.1629236811207544
1.2602089044396292,-0.46157094039994506,1.001739231755282,-0.2841832067731597,0.8254548956289394,-0.9357662166535669,1.0924176714681932,-1.1848900229680674,1.5711114405546673,1.5016671561586168,0.7593690332487847,-0.11504497778779578,0.6544956346294322
0.5819559253480167,-0.46157094039994506,1.001739231755282,-0.2841832067731597,0.29016111022631297,-0.9228446684225532,1.0132791771175036,-1.0986654103830393,1.5711114405546673,1.5016671561586168,0.7593690332487847,1.9104160814315214,-0.5609035327785051
1.631194807795018,-0.46157094039994506,1.001739231755282,-0.2841832067731597,0.29016111022631297,0.8502788943887043,1.0924176714681932,-1.093171452767002,1.5711114405546673,1.5016671561586168,0.7593690332487847,0.9707838311139407,0.6090601517356776
7.104922368258345,-0.46157094039994506,1.001739231755282,-0.2841832067731597,0.29016111022631297,-0.721842807051237,1.0924176714681932,-1.1198781911782938,1.5711114405546673,1.5016671561586168,0.7593690332487847,-0.40176055870041133,-0.8107986886941557
1.5733811473975636,-0.46157094039994506,1.001739231755282,-0.2841832067731597,0.29016111022631297,0.5703120160500843,1.0924176714681932,-1.0616320664527146,1.5711114405546673,1.5016671561586168,0.7593690332487847,1.175175136318973,-0.5609035327785051
2.283418215483225,-0.46157094039994506,1.001739231755282,-0.2841832067731597,0.29016111022631297,-2.3427792462527823,1.0924176714681932,-1.0482023922801793,1.5711114405546673,1.5016671561586168,0.7593690332487847,3.0416651803788204,-0.48139143771443454
3.7518493916464335,-0.46157094039994506,1.001739231755282,-0.2841832067731597,0.29016111022631297,-1.5861508109478974,1.0924176714681932,-1.0301435501163534,1.5711114405546673,1.5016671561586168,0.7593690332487847,1.0133653530316555,-0.663133369289453
6.301005223149571,-0.46157094039994506,1.001739231755282,-0.2841832067731597,1.119003100527153,-2.4992735526061645,1.0924176714681932,-0.9951450053030795,1.5711114405546673,1.5016671561586168,0.7593690332487847,3.4121244210629422,-1.7195083465692491
2.175069807555694,-0.46157094039994506,1.001739231755282,-0.2841832067731597,0.9981303102749479,0.2501447654372017,1.0924176714681932,-0.9053594942632125,1.5711114405546673,1.5016671561586168,0.7593690332487847,2.286552858371339,-1.6967906051223718
1.0936142777680167,-0.46157094039994506,1.001739231755282,-0.2841832067731597,0.9981303102749479,0.7497779637030456,0.745715696217552,-0.9130917309080057,1.5711114405546673,1.5016671561586168,0.7593690332487847,1.8238336535321673,-1.6627139929520558
3.3468554527631302,-0.46157094039994506,1.001739231755282,-0.2841832067731597,0.9981303102749479,-1.3722274013455678,0.6816512007908029,-1.0005880929411903,1.5711114405546673,1.5016671561586168,0.7593690332487847,1.9444812989656939,-1.3333067419723343
1.2395057670217584,-0.46157094039994506,1.001739231755282,-0.2841832067731597,1.3348473688346636,0.8100785221144403,0.20682023468666388,-0.9260635752792045,1.5711114405546673,1.5016671561586168,0.7593690332487847,1.3909215140353965,-1.5604841564411076
1.1313810961700692,-0.46157094039994506,1.001739231755282,-0.2841832067731597,1.3348473688346636,0.217123031069056,1.0924176714681932,-0.8930489596050551,1.5711114405546673,1.5016671561586168,0.7593690332487847,0.2951570166861934,-0.6176978863956984
0.5250819606690967,-0.46157094039994506,1.001739231755282,-0.2841832067731597,1.3348473688346636,-0.3643466393265375,0.9152981841118873,-0.8850623730706306,1.5711114405546673,1.5016671561586168,0.7593690332487847,0.3916751330330144,-0.9016696544816651
1.2746921511491047,-0.46157094039994506,1.001739231755282,-0.2841832067731597,0.43693521267542024,-0.8783371134046192,0.6251237048260244,-0.8460959699791076,1.5711114405546673,1.5016671561586168,0.7593690332487847,0.16457368280520024,-0.15198418673471295
0.5292330292162102,-0.46157094039994506,1.001739231755282,-0.2841832067731597,0.43693521267542024,-0.22508106394784022,0.5309112115513936,-0.810181765563161,1.5711114405546673,1.5016671561586168,0.7593690332487847,1.4689876375512079,-0.9925406202691743
0.7890216058783528,-0.46157094039994506,1.001739231755282,-0.2841832067731597,0.17792209070640744,-0.9975025026461845,-0.01552124944146501,-0.7889689847679063,1.5711114405546673,1.5016671561586168,0.7593690332487847,0.598905206365895,-1.1856414225676317
1.8432975556928,-0.46157094039994506,1.001739231755282,-0.2841832067731597,0.9981303102749479,-0.5222766732611438,0.9190666838428729,-0.8672578807964362,1.5711114405546673,1.5016671561586168,0.7593690332487847,1.6251198845828303,-1.5718430271645463
1.3043746032107493,-0.46157094039994506,1.001739231755282,-0.2841832067731597,0.17792209070640744,-0.6069846005533418,-0.42628772011885496,-0.8224923002213183,1.5711114405546673,1.5016671561586168,0.7593690332487847,0.39025574896909054,-1.356024483419212
5.095181710804109,-0.46157094039994506,1.001739231755282,-0.2841832067731597,0.9981303102749479,-0.08294403340669465,0.28972722876833906,-0.8910141604880043,1.5711114405546673,1.5016671561586168,0.7593690332487847,0.22418781349000144,-1.276512388355141
0.5764698922483822,-0.46157094039994506,1.001739231755282,-0.2841832067731597,0.9981303102749479,-0.09586558163770835,0.2671162303824274,-0.8540316865356059,1.5711114405546673,1.5016671561586168,0.7593690332487847,1.2177566582366883,-1.2651535176317024
0.870576753183606,-0.46157094039994506,1.001739231755282,-0.2841832067731597,0.9981303102749479,0.17261547605112207,0.9266036833048429,-0.8374480737316418,1.5711114405546673,1.5016671561586168,0.7593690332487847,1.581118978601191,-1.4355365784832823
0.7442756822905499,-0.46157094039994506,1.001739231755282,-0.2841832067731597,0.17792209070640744,0.12667219345196393,0.568596208861246,-0.7944629423839433,1.5711114405546673,1.5016671561586168,0.7593690332487847,0.6670356414342392,-0.867593042311349
0.9784791785399594,-0.46157094039994506,1.001739231755282,-0.2841832067731597,0.17792209070640744,0.823000070345454,0.877613186802035,-0.7764041002201175,1.5711114405546673,1.5016671561586168,0.7593690332487847,0.9580093745386262,-0.9130285252051038
0.4387880620975196,-0.46157094039994506,1.001739231755282,-0.2841832067731597,0.17792209070640744,0.237223217206188,0.14275573925991483,-0.7193279849868423,1.5711114405546673,1.5016671561586168,0.7593690332487847,-0.12923881842703436,-0.6858511107363302
0.31006764762436373,-0.46157094039994506,1.001739231755282,-0.2841832067731597,1.2916785151731613,0.25301622059964873,0.6364292040189805,-0.6606240304599266,1.5711114405546673,1.5016671561586168,0.7593690332487847,0.4654831043570539,-0.8903107837582263
1.5529017470555342,-0.46157094039994506,1.001739231755282,-0.2841832067731597,1.2916785151731613,-0.07432966791935218,0.9039926849189318,-0.7082383297989154,1.5711114405546673,1.5016671561586168,0.7593690332487847,0.316447777645051,-1.1856414225676317
1.142269633861024,-0.46157094039994506,1.001739231755282,-0.2841832067731597,1.524790324945273,0.5301116437758203,0.8889186859949906,-0.757836558277029,1.5711114405546673,1.5016671561586168,0.7593690332487847,1.4661488694233602,-0.9925406202691743
1.6285845419101999,-0.46157094039994506,1.001739231755282,-0.2841832067731597,1.524790324945273,0.2889094101302415,0.8399281894921827,-0.8199488013250047,1.5711114405546673,1.5016671561586168,0.7593690332487847,0.7252303880551166,-1.4241777077598439
1.7414076913545613,-0.46157094039994506,1.001739231755282,-0.2841832067731597,1.524790324945273,-0.1547304124678789,1.0924176714681932,-0.8649178618118277,1.5711114405546673,1.5016671561586168,0.7593690332487847,1.9175130017511408,-1.5264075442707918
1.5178048577585246,-0.46157094039994506,1.001739231755282,-0.2841832067731597,1.524790324945273,-0.46628329759342035,0.6364292040189805,-0.9125321611508166,1.5711114405546673,1.5016671561586168,0.7593690332487847,2.991986738141487,-1.5604841564411076
0.8782941907196335,-0.46157094039994506,1.001739231755282,-0.2841832067731597,1.524790324945273,-0.9084873926103166,0.8625391878780945,-0.9142617404003098,1.5711114405546673,1.5016671561586168,0.7593690332487847,1.4107928909303304,-1.0606938446098062
2.766705215106012,-0.46157094039994506,1.001739231755282,-0.2841832067731597,1.524790324945273,-0.634263424596592,0.8060116919133159,-0.8893354512164373,1.5711114405546673,1.5016671561586168,0.7593690332487847,1.3015003180081948,-1.3219478712488957
0.9280458584842646,-0.46157094039994506,1.001739231755282,-0.2841832067731597,1.524790324945273,0.2099443931629377,0.9868996790006069,-0.7881550651210859,1.5711114405546673,1.5016671561586168,0.7593690332487847,0.9338798454519207,-0.5722624035019436
0.3227908293372193,-0.46157094039994506,1.001739231755282,-0.2841832067731597,1.524790324945273,-0.05853666452589142,1.0924176714681932,-0.8188296618106269,1.5711114405546673,1.5016671561586168,0.7593690332487847,0.5180003147222361,-0.42459708409724123
0.9641958036182353,-0.46157094039994506,1.001739231755282,-0.2841832067731597,1.524790324945273,0.3233668720796101,1.0924176714681932,-0.8322593359831623,1.5711114405546673,1.5016671561586168,0.7593690332487847,0.8387811131690238,-0.765363205800401
1.3871722370771762,-0.46157094039994506,1.001739231755282,-0.2841832067731597,1.524790324945273,-0.5825772316725385,0.9642886806146953,-0.8743796777061139,1.5711114405546673,1.5016671561586168,0.7593690332487847,1.5399568407473998,-1.2878712590785797
1.0693910103569058,-0.46157094039994506,1.001739231755282,-0.2841832067731597,1.524790324945273,0.28603795496779316,0.8964556854569612,-0.8274266880801665,1.5711114405546673,1.5016671561586168,0.7593690332487847,1.5669251379619529,-1.174282551844193
0.4155223893710105,-0.46157094039994506,1.001739231755282,-0.2841832067731597,1.524790324945273,0.11662210038339858,0.9567516811527252,-0.7846450366441733,1.5711114405546673,1.5016671561586168,0.7593690332487847,0.6883264023930966,-0.8221575594175944
0.9579774044903459,-0.46157094039994506,1.001739231755282,-0.2841832067731597,1.524790324945273,-0.012593381926733305,0.9642886806146953,-0.7205488644570729,1.5711114405546673,1.5016671561586168,0.7593690332487847,0.49670955376337866,-1.0834115860566838
0.8691150042881081,-0.46157094039994506,1.001739231755282,-0.2841832067731597,1.2916785151731613,-0.10735140228749787,1.0434271749653854,-0.6881955584959649,1.5711114405546673,1.5016671561586168,0.7593690332487847,0.7365854605665071,-0.9130285252051038
0.6001711064825295,-0.46157094039994506,1.001739231755282,-0.2841832067731597,1.2916785151731613,0.22573739655639846,1.0283531760414444,-0.7271619615874879,1.5711114405546673,1.5016671561586168,0.7593690332487847,0.90407278010952,-1.037976103162929
0.47960814579455613,-0.46157094039994506,1.001739231755282,-0.2841832067731597,1.2916785151731613,0.7023989535226632,0.813548691375286,-0.6566561721816775,1.5711114405546673,1.5016671561586168,0.7593690332487847,0.6386479601557625,-0.9925406202691743
0.28919596160935895,-0.46157094039994506,1.001739231755282,-0.2841832067731597,1.2916785151731613,0.5674405608876373,1.0245846763104594,-0.6405812591569761,1.5711114405546673,1.5016671561586168,0.7593690332487847,0.6798100980095537,-0.7880809472472785
0.23684596060395494,-0.46157094039994506,1.001739231755282,-0.2841832067731597,1.2916785151731613,0.05345008680955553,0.7834006935274043,-0.633968162026561,1.5711114405546673,1.5016671561586168,0.7593690332487847,0.614518431069057,-0.6858511107363302
0.7078751516316366,-0.46157094039994506,1.001739231755282,-0.2841832067731597,1.2916785151731613,1.6270075158307198,1.0660381733512967,-0.5909830306788626,1.5711114405546673,1.5016671561586168,0.7593690332487847,0.5392910756810935,-0.492750308437873
0.8966406309386399,-0.46157094039994506,1.001739231755282,-0.2841832067731597,1.2916785151731613,0.6722486743169659,0.8700761873400644,-0.5689054602588612,1.5711114405546673,1.5016671561586168,0.7593690332487847,0.8189097362740899,-0.8221575594175944
0.18646037112443972,-0.46157094039994506,1.001739231755282,-0.2841832067731597,1.2916785151731613,0.38079597532855775,0.5836702077851871,-0.5995800569484023,1.5711114405546673,1.5016671561586168,0.7593690332487847,0.7365854605665071,-0.9130285252051038
0.1739997075805714,-0.46157094039994506,1.001739231755282,-0.2841832067731597,1.2916785151731613,-0.40741846676324855,0.6364292040189805,-0.525920328911163,1.5711114405546673,1.5016671561586168,0.7593690332487847,0.8614912581918053,-1.072052715333245
0.7007886526494823,-0.46157094039994506,1.001739231755282,-0.2841832067731597,1.2916785151731613,-0.4648475700121962,0.35002322446410256,-0.4248925527495904,1.5711114405546673,1.5016671561586168,0.7593690332487847,0.5676787569595706,-0.9811817495457357
0.6339136406804452,-0.46157094039994506,1.001739231755282,-0.2841832067731597,1.2916785151731613,0.059192997134450934,0.47815221531760066,-0.4229086236104658,1.5711114405546673,1.5016671561586168,0.7593690332487847,0.466902488420978,-0.8221575594175944
0.4920553851138739,-0.46157094039994506,1.001739231755282,-0.2841832067731597,1.2916785151731613,-0.25666707073476047,0.5045317134344974,-0.45627932913009916,1.5711114405546673,1.5016671561586168,0.7593690332487847,0.2497367266406305,-0.24285515252222237
0.19537405622596674,-0.46157094039994506,1.001739231755282,-0.2841832067731597,1.2916785151731613,0.6334840296239261,0.7155676983696702,-0.5173233026416233,1.5711114405546673,1.5016671561586168,0.7593690332487847,0.49387078563553105,-0.6517744985660145
0.028463214487165163,-0.46157094039994506,1.001739231755282,-0.2841832067731597,1.2916785151731613,0.16687256572622794,0.6552717026739067,-0.5327877759312095,1.5711114405546673,1.5016671561586168,0.7593690332487847,0.24263980632101145,-0.5041091791613118
0.47024102021932357,-0.46157094039994506,1.001739231755282,-0.2841832067731597,1.2916785151731613,0.08216463843402999,0.45177271720070394,-0.44768230286055943,1.5711114405546673,1.5016671561586168,0.7593690332487847,0.1489604581020381,-0.2996495061394157
0.3458775124030553,-0.46157094039994506,1.001739231755282,-0.2841832067731597,1.2916785151731613,0.36356724435387283,0.7117991986386851,-0.4134976776941058,1.5711114405546673,1.5016671561586168,0.7593690332487847,-0.3762116455497823,-0.22013741107534512
0.646903815303805,-0.46157094039994506,1.001739231755282,-0.2841832067731597,0.7909198126997377,-0.07289394033812929,-0.21148323545269662,-0.3311900534094006,1.5711114405546673,1.5016671561586168,0.7593690332487847,0.0396678851799026,-0.0838309623940812
-0.05051746486540474,-0.46157094039994506,1.001739231755282,-0.2841832067731597,0.7909198126997377,-0.7189713518887887,-0.8596651891821566,-0.27874310616741604,1.5711114405546673,1.5016671561586168,0.7593690332487847,0.16883183499697194,-0.2542140232456612
0.040674784086596506,-0.46157094039994506,1.001739231755282,-0.2841832067731597,0.7909198126997377,-0.4418759287126171,0.515837212627453,-0.37793956312364285,1.5711114405546673,1.5016671561586168,0.7593690332487847,0.5974858223019709,-0.356443859756609
0.13722479021474995,-0.46157094039994506,1.001739231755282,-0.2841832067731597,0.17792209070640744,-0.3686538220702087,0.8851501862640057,-0.54642093001545,1.5711114405546673,1.5016671561586168,0.7593690332487847,1.1893689769582116,-0.3450849890331702
1.8008471745031311,-0.46157094039994506,1.001739231755282,-0.2841832067731597,0.14338700777720573,-0.4792048458244328,-0.00044725051752386854,-0.3591685412688493,1.5711114405546673,1.5016671561586168,0.7593690332487847,0.7365854605665071,-0.3450849890331702
1.4278625532702247,-0.46157094039994506,1.001739231755282,-0.2841832067731597,0.14338700777720573,-0.7850148206250789,-0.5393427120484119,-0.40225541257240005,1.5711114405546673,1.5016671561586168,0.7593690332487847,0.25825303102417363,-0.23149628179878354
0.12626316507902005,-0.46157094039994506,1.001739231755282,-0.2841832067731597,0.14338700777720573,-0.133194498749524,0.48945771451055625,-0.29558106886101154,1.5711114405546673,1.5016671561586168,0.7593690332487847,0.4754187928045208,-0.2542140232456612
0.07996748934588813,-0.46157094039994506,1.001739231755282,-0.2841832067731597,-0.27103398737321377,-0.04417938871365483,0.7419471964865669,-0.26205775340759946,1.5711114405546673,1.5016671561586168,0.7593690332487847,-0.010010557057431951,-0.2882906354159769
0.009903478255856473,-0.46157094039994506,1.001739231755282,-0.2841832067731597,0.14338700777720573,0.2544519481808729,0.1502927387218854,-0.36522206864207535,1.5711114405546673,1.5016671561586168,0.7593690332487847,0.20147766846722,0.12062871062781488
0.1707271799512625,-0.46157094039994506,1.001739231755282,-0.2841832067731597,0.43693521267542024,1.0340520247853366,-0.12857624137102197,-0.5501853083819939,1.5711114405546673,1.5016671561586168,0.7593690332487847,-0.18175602879221628,0.8703141783747671
0.679192058508751,-0.46157094039994506,1.001739231755282,-0.2841832067731597,0.17792209070640744,-1.1956329088550548,0.9190666838428729,-0.6026322556239784,1.5711114405546673,1.5016671561586168,0.7593690332487847,0.7380048446304311,-0.9471051373754197
0.4311914425824464,-0.46157094039994506,1.001739231755282,-0.2841832067731597,0.17792209070640744,-0.1403731366556423,0.9944366784625776,-0.7164792662229712,1.5711114405546673,1.5016671561586168,0.7593690332487847,1.583957746729039,-1.0038994909926129
0.2042161454632245,-0.46157094039994506,1.001739231755282,-0.2841832067731597,0.43693521267542024,0.32193114449838595,0.8512336886851383,-0.6659653781421849,1.5711114405546673,1.5016671561586168,0.7593690332487847,0.8146515840823183,-0.6176978863956984
1.7184671831782754,-0.46157094039994506,1.001739231755282,-0.2841832067731597,0.43693521267542024,-1.3722274013455678,0.990668178731592,-0.7700453529793339,1.5711114405546673,1.5016671561586168,0.7593690332487847,1.6989278559068697,-1.1515648103973157
1.003940457770727,-0.46157094039994506,1.001739231755282,-0.2841832067731597,0.43693521267542024,-0.10735140228749787,0.9680571803456808,-0.7345381083867971,1.5711114405546673,1.5016671561586168,0.7593690332487847,0.722391619927269,-0.8562341715879104
1.6155928757063345,-0.46157094039994506,1.001739231755282,-0.2841832067731597,0.43693521267542024,-0.04417938871365483,0.6401977037499655,-0.8460959699791076,1.5711114405546673,1.5016671561586168,0.7593690332487847,0.0240546604767402,-0.0838309623940812
0.34630410442765985,-0.46157094039994506,1.001739231755282,-0.2841832067731597,-0.27103398737321377,-0.025514930157747005,-0.23786273356959337,-0.09678119512514755,1.5711114405546673,1.5016671561586168,0.7593690332487847,-0.3123393626732094,0.09791096918093764
0.32902712743117585,-0.46157094039994506,1.001739231755282,-0.2841832067731597,-0.27103398737321377,0.7038346811038875,0.1465242389909004,-0.1438359247069474,1.5711114405546673,1.5016671561586168,0.7593690332487847,-0.738154581850361,0.17742306424500823
0.33245477943306834,-0.46157094039994506,1.001739231755282,-0.2841832067731597,-0.27103398737321377,1.150345958864455,0.22566273334159004,-0.10369951212312022,1.5711114405546673,1.5016671561586168,0.7593690332487847,-0.8417696185168012,0.325088383649711
-0.10200980708008288,-0.46157094039994506,1.001739231755282,-0.2841832067731597,-0.27103398737321377,-0.7146641691451188,-1.1573766679299902,0.24613332607584001,1.5711114405546673,1.5016671561586168,0.7593690332487847,-0.3577596527187723,-0.03839547950032629
-0.1676110092973286,-0.46157094039994506,1.001739231755282,-0.2841832067731597,0.169288319974107,-0.5581698627917353,-1.0970806722342263,0.05572699869781069,1.5711114405546673,1.5016671561586168,0.7593690332487847,0.05670049394698855,-0.17470192818159022
0.02556358198425879,-0.46157094039994506,1.001739231755282,-0.2841832067731597,0.169288319974107,0.0749860005279117,-0.7202306991357031,0.19190592960643585,1.5711114405546673,1.5016671561586168,0.7593690332487847,-0.33504950769599084,-0.10654870384095845
0.3265764606604582,-0.46157094039994506,1.001739231755282,-0.2841832067731597,0.169288319974107,-0.20928806055437948,0.3311807258091764,-0.03487243198887663,1.5711114405546673,1.5016671561586168,0.7593690332487847,0.28947948043049815,-0.3450849890331702
0.19888523673617342,-0.46157094039994506,1.001739231755282,-0.2841832067731597,0.169288319974107,-0.5093551250301301,-0.671240202632895,-0.23509666510667626,1.5711114405546673,1.5016671561586168,0.7593690332487847,-0.21156309413461702,-0.17470192818159022
-0.49654329187754126,-0.46157094039994506,-0.2861746668477352,-0.2841832067731597,0.18655586143870787,-0.7936291861124213,-0.6410922047850133,-0.6271007150065144,-0.4616535986463951,-0.13467362531566127,0.297946877628864,-0.13207758655488197,-0.03839547950032629
-0.4806937574249264,-0.46157094039994506,-0.2861746668477352,-0.2841832067731597,0.18655586143870787,-0.4792048458244328,-1.0707011741173296,-0.6271007150065144,-0.4616535986463951,-0.13467362531566127,0.297946877628864,0.09218509554508451,0.2682940300325176
-0.4956960741503546,-0.46157094039994506,-0.2861746668477352,-0.2841832067731597,0.18655586143870787,-0.8467511066176977,-1.5907541369932918,-0.41502377703189397,-0.4616535986463951,-0.13467362531566127,0.297946877628864,0.661358105178544,0.10926983990437646
-0.4791977021777993,-0.46157094039994506,-0.2861746668477352,-0.2841832067731597,0.18655586143870787,-1.2487548293603312,0.07115424437119575,-0.41502377703189397,-0.4616535986463951,-0.13467362531566127,0.297946877628864,1.1638200638075826,-0.27693176469253844
-0.4823628360107043,-0.46157094039994506,-0.2861746668477352,-0.2841832067731597,0.18655586143870787,-0.6687208865459606,-0.01552124944146501,-0.36715512780327364,-0.4616535986463951,-0.13467362531566127,0.297946877628864,0.16457368280520024,-0.4359559548206796
-0.48672720057012,-0.46157094039994506,-0.2861746668477352,-0.2841832067731597,0.18655586143870787,-0.3456821807706297,-0.21525173518368218,-0.6131623410547165,-0.4616535986463951,-0.13467362531566127,0.297946877628864,-0.0029136367378126585,-0.10654870384095845
-0.4958690974890054,-0.46157094039994506,-0.2861746668477352,-0.2841832067731597,0.18655586143870787,-0.9917595923212904,0.09376524275710693,-0.6178423790239332,-0.4616535986463951,-0.13467362531566127,0.297946877628864,0.3065120891975841,-0.526826920608189
-0.48892579023538957,-0.46157094039994506,-0.2861746668477352,-0.2841832067731597,0.18655586143870787,-0.33419636012084014,0.3274122260781914,-0.5678371907224096,-0.4616535986463951,-0.13467362531566127,0.297946877628864,0.1972195162754486,-0.6063390156722597
-0.5130521049136358,-0.46157094039994506,0.05686066405247386,-0.2841832067731597,0.08295061265110275,0.47842545085176813,-0.07204874540624348,-0.5778077063959586,-1.0263105539800235,-0.8368125788209879,1.1285067577447216,-0.4642134575130602,0.02975774484030547
-0.5156414886713753,-0.46157094039994506,0.05686066405247386,-0.2841832067731597,0.08295061265110275,-0.200673695067037,0.21435723414863445,-0.6750202342130609,-1.0263105539800235,-0.8368125788209879,1.1285067577447216,-0.5479571172845666,-0.17470192818159022
-0.513331030468185,-0.46157094039994506,0.05686066405247386,-0.2841832067731597,0.08295061265110275,1.0283091144604413,0.7532526956795225,-0.7360642077245853,-1.0263105539800235,-0.8368125788209879,1.1285067577447216,-1.036225235274367,0.20014080569188547
-0.5060476428592899,-0.46157094039994506,0.05686066405247386,-0.2841832067731597,0.08295061265110275,0.7670066946777292,0.6891882002527734,-0.623438076595823,-1.0263105539800235,-0.8368125788209879,1.1285067577447216,-0.9169969739047646,-0.015677738053449033
-0.5153222904431747,-0.46157094039994506,0.05686066405247386,-0.2841832067731597,0.08295061265110275,-0.3298891773771689,0.36886572311902877,-0.5643780322234233,-1.0263105539800235,-0.8368125788209879,1.1285067577447216,-0.7182832049554273,-1.1629236811207544
